Encoded Architecture,Loss,Accuracy,Precision,Recall,F1,Specificity
"[8, 0, 1, 0, 2, 1, 0, 0, 2, 0, 0, 0, 1, 4, 0, 0, 6, 30, 2, 0, 8, 2, 1, 0, 7, 0, 0, 0, 8, 3, 1, 0, 2, 1, 0, 0, 7, 0, 0, 0, 1, 4, 0, 0, 7, 0, 0, 0]",0.7017064571380616,0.5,0.5137046861184792,0.38173455978975035,0.43799472295514513,0.6386333771353482
"[1, 4, 0, 0, 8, 1, 2, 0, 8, 2, 2, 0, 3, 0, 0, 0, 4, 148, 0, 0, 2, 1, 0, 0, 7, 0, 0, 0, 1, 4, 0, 0, 6, 6, 1, 0, 7, 0, 0, 0, 3, 0, 0, 0, 5, 0, 0, 0]",0.6953701972961426,0.5,0.5078066914498142,0.4487516425755585,0.4764562260202302,0.5650459921156373
"[4, 155, 0, 0, 7, 0, 0, 0, 3, 0, 0, 0, 0, 18, 0, 0, 4, 265, 0, 0, 7, 0, 0, 0, 6, 50, 1, 0, 0, 14, 1, 0, 1, 14, 0, 0, 1, 4, 0, 0, 2, 0, 0, 0, 3, 0, 0, 0]",0.6934696018695832,0.5,0.5138339920948617,0.5978975032851511,0.5526875189796538,0.4342969776609724
"[3, 0, 0, 0, 7, 0, 0, 0, 2, 1, 0, 0, 0, 8, 0, 0, 4, 461, 0, 0, 7, 0, 0, 0, 1, 4, 0, 0, 1, 4, 0, 0, 3, 0, 0, 0, 8, 2, 1, 0, 7, 0, 0, 0, 6, 29, 3, 0]",0.6945143520832062,0.5,0.48455730954015097,0.46386333771353483,0.4739845585767036,0.5065703022339028
"[2, 0, 0, 0, 8, 1, 2, 0, 1, 4, 0, 0, 3, 0, 0, 0, 4, 206, 0, 0, 8, 2, 1, 0, 7, 0, 0, 0, 6, 51, 4, 0, 3, 0, 0, 0, 0, 22, 0, 0, 4, 197, 0, 0, 4, 288, 0, 0]",0.6930286586284637,0.5,0.49706457925636005,0.33377135348226017,0.39937106918238996,0.6622864651773982
"[3, 0, 0, 0, 3, 0, 0, 0, 6, 56, 3, 0, 1, 56, 0, 0, 0, 20, 0, 0, 5, 0, 0, 0, 7, 0, 0, 0, 7, 0, 0, 0, 7, 0, 0, 0, 7, 0, 0, 0, 8, 2, 1, 0, 3, 0, 0, 0]",0.6940573275089263,0.5,0.515625,0.3252299605781866,0.3988718775181305,0.6944809461235217
"[2, 0, 0, 0, 3, 0, 0, 0, 4, 399, 0, 0, 4, 480, 0, 0, 1, 4, 0, 0, 7, 0, 0, 0, 2, 1, 0, 0, 1, 4, 0, 0, 0, 28, 1, 0, 2, 0, 0, 0, 0, 6, 0, 0, 2, 1, 0, 0]",0.693326723575592,0.5,0.4858459512837393,0.48488830486202367,0.4853666557053601,0.4868593955321945
"[0, 10, 0, 0, 7, 0, 0, 0, 7, 0, 0, 0, 3, 0, 0, 0, 3, 0, 0, 0, 4, 179, 0, 0, 0, 20, 0, 0, 7, 0, 0, 0, 2, 1, 0, 0, 0, 29, 1, 0, 5, 0, 0, 0, 4, 188, 0, 0]",0.6934393107891083,0.5,0.496,0.16294349540078842,0.24530168150346193,0.8344283837056504
"[0, 9, 1, 0, 2, 1, 0, 0, 4, 324, 0, 0, 2, 0, 0, 0, 3, 0, 0, 0, 7, 0, 0, 0, 2, 0, 0, 0, 7, 0, 0, 0, 3, 0, 0, 0, 2, 1, 0, 0, 4, 301, 0, 0, 6, 37, 4, 0]",0.693215423822403,0.5,0.5058708414872799,0.3396846254927727,0.40644654088050314,0.6681997371879106
"[1, 4, 0, 0, 7, 0, 0, 0, 8, 1, 1, 0, 0, 27, 0, 0, 4, 100, 0, 0, 8, 3, 2, 0, 6, 30, 4, 0, 0, 17, 1, 0, 1, 17, 0, 0, 5, 0, 0, 0, 4, 350, 0, 0, 4, 409, 0, 0]",0.6930703818798065,0.5,0.5012038523274478,0.8206307490144547,0.6223218734429496,0.18331143232588698
"[1, 4, 0, 0, 7, 0, 0, 0, 6, 9, 4, 0, 5, 0, 0, 0, 7, 0, 0, 0, 3, 0, 0, 0, 7, 0, 0, 0, 3, 0, 0, 0, 8, 2, 1, 0, 7, 0, 0, 0, 1, 4, 0, 0, 8, 2, 1, 0]",0.7102409124374389,0.5,0.5046979865771812,0.4940867279894875,0.49933598937583,0.5151116951379764
"[7, 0, 0, 0, 2, 0, 0, 0, 7, 0, 0, 0, 6, 40, 1, 0, 8, 2, 2, 0, 0, 16, 1, 0, 7, 0, 0, 0, 7, 0, 0, 0, 2, 0, 0, 0, 8, 1, 2, 0, 3, 0, 0, 0, 2, 0, 0, 0]",0.6929938495159149,0.5,0.48306997742663654,0.42181340341655715,0.450368291827429,0.5486202365308804
"[8, 0, 2, 0, 6, 22, 4, 0, 7, 0, 0, 0, 7, 0, 0, 0, 1, 4, 0, 0, 4, 349, 0, 0, 7, 0, 0, 0, 7, 0, 0, 0, 7, 0, 0, 0, 0, 28, 0, 0, 0, 31, 1, 0, 0, 31, 1, 0]",0.6930130958557129,0.5,0.5072619688004303,0.6195795006570303,0.5578231292517006,0.39816031537450725
"[0, 9, 1, 0, 1, 9, 0, 0, 8, 1, 1, 0, 2, 1, 0, 0, 5, 0, 0, 0, 7, 0, 0, 0, 7, 0, 0, 0, 8, 3, 1, 0, 7, 0, 0, 0, 7, 0, 0, 0, 8, 3, 1, 0, 4, 99, 0, 0]",0.6952906966209411,0.5,0.5117085862966175,0.3876478318002628,0.4411214953271028,0.6300919842312747
"[7, 0, 0, 0, 2, 1, 0, 0, 0, 19, 0, 0, 7, 0, 0, 0, 7, 0, 0, 0, 2, 0, 0, 0, 6, 54, 4, 0, 7, 0, 0, 0, 3, 0, 0, 0, 4, 273, 0, 0, 0, 14, 0, 0, 7, 0, 0, 0]",0.6930540144443512,0.5,0.3333333333333333,0.001314060446780552,0.002617801047120419,0.9973718791064389
"[7, 0, 0, 0, 3, 0, 0, 0, 1, 4, 0, 0, 7, 0, 0, 0, 7, 0, 0, 0, 7, 0, 0, 0, 1, 4, 0, 0, 2, 1, 0, 0, 4, 248, 0, 0, 5, 0, 0, 0, 7, 0, 0, 0, 7, 0, 0, 0]",0.6941074311733246,0.5,0.5186980609418282,0.4921156373193167,0.5050573162508429,0.5433639947437582
"[3, 0, 0, 0, 7, 0, 0, 0, 4, 271, 0, 0, 4, 97, 0, 0, 8, 2, 2, 0, 0, 15, 1, 0, 7, 0, 0, 0, 7, 0, 0, 0, 0, 11, 0, 0, 6, 38, 4, 0, 3, 0, 0, 0, 1, 4, 0, 0]",0.6931944370269776,0.5,0.5049455984174085,0.6708278580814717,0.5761851015801355,0.34231274638633374
"[4, 186, 0, 0, 7, 0, 0, 0, 2, 0, 0, 0, 3, 0, 0, 0, 8, 2, 1, 0, 4, 462, 0, 0, 4, 257, 0, 0, 7, 0, 0, 0, 8, 2, 1, 0, 7, 0, 0, 0, 2, 1, 0, 0, 6, 35, 4, 0]",0.6932511568069458,0.5,0.5091911764705882,0.18199737187910645,0.2681510164569216,0.8245729303547963
"[3, 0, 0, 0, 8, 1, 1, 0, 4, 223, 0, 0, 1, 4, 0, 0, 7, 0, 0, 0, 0, 28, 1, 0, 7, 0, 0, 0, 6, 10, 1, 0, 3, 0, 0, 0, 8, 2, 2, 0, 7, 0, 0, 0, 7, 0, 0, 0]",0.6935668051242828,0.5,0.5130853994490359,0.4894875164257556,0.5010087424344317,0.5354796320630749
"[3, 0, 0, 0, 7, 0, 0, 0, 4, 224, 0, 0, 3, 0, 0, 0, 6, 51, 1, 0, 0, 21, 1, 0, 5, 0, 0, 0, 7, 0, 0, 0, 7, 0, 0, 0, 7, 0, 0, 0, 3, 0, 0, 0, 8, 2, 1, 0]",0.6931623995304108,0.5,0.48798901853122856,0.4671484888304862,0.4773413897280967,0.5098554533508541
"[8, 0, 1, 0, 4, 470, 0, 0, 1, 4, 0, 0, 0, 12, 0, 0, 6, 27, 4, 0, 7, 0, 0, 0, 8, 2, 2, 0, 0, 5, 1, 0, 7, 0, 0, 0, 2, 0, 0, 0, 3, 0, 0, 0, 4, 69, 0, 0]",0.6934400737285614,0.5,0.5,0.671484888304862,0.5731912507010656,0.328515111695138
"[0, 14, 1, 0, 2, 0, 0, 0, 7, 0, 0, 0, 1, 4, 0, 0, 2, 0, 0, 0, 7, 0, 0, 0, 2, 0, 0, 0, 2, 1, 0, 0, 7, 0, 0, 0, 2, 0, 0, 0, 8, 1, 2, 0, 1, 4, 0, 0]",0.7047011971473693,0.5,0.5040858018386108,0.6484888304862023,0.5672413793103448,0.3620236530880421
"[7, 0, 0, 0, 8, 1, 1, 0, 1, 4, 0, 0, 7, 0, 0, 0, 8, 3, 1, 0, 1, 4, 0, 0, 7, 0, 0, 0, 4, 108, 0, 0, 3, 0, 0, 0, 7, 0, 0, 0, 0, 19, 1, 0, 0, 10, 1, 0]",0.6933635532855987,0.5,0.5044598612487612,0.3344283837056505,0.40221256420387197,0.671484888304862
"[7, 0, 0, 0, 1, 4, 0, 0, 7, 0, 0, 0, 7, 0, 0, 0, 2, 1, 0, 0, 1, 4, 0, 0, 6, 27, 4, 0, 8, 2, 1, 0, 7, 0, 0, 0, 7, 0, 0, 0, 7, 0, 0, 0, 1, 4, 0, 0]",0.7061308324337006,0.5,0.4977538185085355,0.3639947437582129,0.42049335863377607,0.6327201051248358
"[7, 0, 0, 0, 3, 0, 0, 0, 1, 4, 0, 0, 8, 2, 1, 0, 7, 0, 0, 0, 8, 3, 1, 0, 0, 11, 0, 0, 0, 21, 0, 0, 4, 415, 0, 0, 6, 24, 2, 0, 2, 0, 0, 0, 8, 2, 2, 0]",0.6930145204067231,0.5,0.4916387959866221,0.48291721419185285,0.4872389791183295,0.5006570302233903
"[0, 27, 1, 0, 6, 26, 1, 0, 8, 1, 1, 0, 0, 20, 0, 0, 7, 0, 0, 0, 0, 24, 0, 0, 8, 1, 1, 0, 0, 8, 1, 0, 8, 2, 1, 0, 7, 0, 0, 0, 4, 268, 0, 0, 7, 0, 0, 0]",0.6931797921657562,0.5,0.5009784735812133,0.6727989487516426,0.5743129556926528,0.32982917214191854
"[3, 0, 0, 0, 4, 258, 0, 0, 8, 2, 2, 0, 6, 18, 4, 0, 0, 12, 1, 0, 2, 1, 0, 0, 2, 0, 0, 0, 4, 292, 0, 0, 7, 0, 0, 0, 2, 0, 0, 0, 8, 2, 1, 0, 7, 0, 0, 0]",0.6933768451213836,0.5,0.509,0.3344283837056505,0.4036478984932593,0.6773981603153745
"[1, 4, 0, 0, 1, 4, 0, 0, 7, 0, 0, 0, 7, 0, 0, 0, 3, 0, 0, 0, 0, 31, 0, 0, 4, 42, 0, 0, 7, 0, 0, 0, 0, 26, 0, 0, 8, 3, 2, 0, 2, 1, 0, 0, 0, 14, 1, 0]",0.6940414726734161,0.5,0.49822204662188857,0.828515111695138,0.6222551196644461,0.16557161629434955
"[8, 0, 1, 0, 0, 28, 0, 0, 1, 28, 0, 0, 7, 0, 0, 0, 6, 38, 2, 0, 7, 0, 0, 0, 7, 0, 0, 0, 0, 19, 1, 0, 7, 0, 0, 0, 7, 0, 0, 0, 7, 0, 0, 0, 7, 0, 0, 0]",0.6931139290332794,0.5,0.5058236272878536,0.5992115637319316,0.5485714285714286,0.41458607095926414
"[0, 25, 1, 0, 5, 0, 0, 0, 4, 153, 0, 0, 4, 439, 0, 0, 1, 4, 0, 0, 7, 0, 0, 0, 1, 4, 0, 0, 4, 477, 0, 0, 1, 4, 0, 0, 7, 0, 0, 0, 7, 0, 0, 0, 7, 0, 0, 0]",0.6931921541690826,0.5,0.5047619047619047,0.31340341655716164,0.38670449939197404,0.6925098554533509
"[3, 0, 0, 0, 0, 24, 1, 0, 7, 0, 0, 0, 0, 14, 1, 0, 8, 2, 2, 0, 7, 0, 0, 0, 1, 4, 0, 0, 7, 0, 0, 0, 8, 1, 1, 0, 1, 4, 0, 0, 6, 12, 4, 0, 4, 220, 0, 0]",0.693627679347992,0.5,0.5258126195028681,0.18068331143232588,0.26894865525672373,0.8370565045992115
"[7, 0, 0, 0, 0, 31, 0, 0, 6, 39, 3, 0, 7, 0, 0, 0, 7, 0, 0, 0, 7, 0, 0, 0, 2, 1, 0, 0, 1, 4, 0, 0, 7, 0, 0, 0, 2, 1, 0, 0, 4, 401, 0, 0, 2, 0, 0, 0]",0.694387799501419,0.5,0.4980174464710547,0.4126149802890933,0.4513115343154869,0.5840998685939554
"[2, 1, 0, 0, 7, 0, 0, 0, 4, 351, 0, 0, 0, 31, 1, 0, 1, 31, 0, 0, 6, 23, 2, 0, 8, 3, 1, 0, 4, 25, 0, 0, 7, 0, 0, 0, 2, 1, 0, 0, 8, 2, 1, 0, 7, 0, 0, 0]",0.6958403348922729,0.5,0.5081669691470054,0.3679369250985545,0.4268292682926829,0.6438896189224704
"[0, 8, 1, 0, 0, 9, 1, 0, 2, 1, 0, 0, 7, 0, 0, 0, 2, 0, 0, 0, 6, 20, 4, 0, 3, 0, 0, 0, 8, 2, 1, 0, 5, 0, 0, 0, 7, 0, 0, 0, 1, 4, 0, 0, 1, 4, 0, 0]",0.7025742769241333,0.5,0.48569612205975843,0.5019710906701709,0.4936995153473344,0.46846254927726677
"[2, 1, 0, 0, 1, 4, 0, 0, 4, 2, 0, 0, 2, 0, 0, 0, 2, 0, 0, 0, 8, 3, 2, 0, 3, 0, 0, 0, 7, 0, 0, 0, 1, 4, 0, 0, 1, 4, 0, 0, 7, 0, 0, 0, 3, 0, 0, 0]",0.707088577747345,0.5,0.4912739965095986,0.36990801576872534,0.42203898050974514,0.6169513797634691
"[6, 44, 4, 0, 3, 0, 0, 0, 7, 0, 0, 0, 7, 0, 0, 0, 7, 0, 0, 0, 7, 0, 0, 0, 3, 0, 0, 0, 4, 311, 0, 0, 1, 4, 0, 0, 1, 4, 0, 0, 7, 0, 0, 0, 7, 0, 0, 0]",0.6948180615901947,0.5,0.49972722313147844,0.6018396846254928,0.5460506706408346,0.39750328515111694
"[6, 35, 4, 0, 4, 440, 0, 0, 4, 274, 0, 0, 7, 0, 0, 0, 0, 28, 1, 0, 4, 129, 0, 0, 7, 0, 0, 0, 0, 7, 1, 0, 0, 26, 0, 0, 3, 0, 0, 0, 0, 9, 0, 0, 1, 9, 0, 0]",0.6935724496841431,0.5,0.504,0.4967148488830486,0.500330906684315,0.5111695137976346
"[4, 58, 0, 0, 1, 4, 0, 0, 7, 0, 0, 0, 2, 0, 0, 0, 1, 4, 0, 0, 6, 53, 4, 0, 2, 1, 0, 0, 7, 0, 0, 0, 0, 4, 1, 0, 7, 0, 0, 0, 7, 0, 0, 0, 5, 0, 0, 0]",0.6932323157787323,0.5,0.4948826008428657,0.5400788436268068,0.5164938737040528,0.4487516425755585
"[0, 5, 0, 0, 1, 5, 0, 0, 7, 0, 0, 0, 2, 1, 0, 0, 3, 0, 0, 0, 6, 35, 3, 0, 3, 0, 0, 0, 1, 4, 0, 0, 3, 0, 0, 0, 8, 3, 2, 0, 7, 0, 0, 0, 8, 2, 1, 0]",0.7026832699775696,0.5,0.5157773952954676,0.5906701708278581,0.5506891271056662,0.4454664914586071
"[3, 0, 0, 0, 2, 0, 0, 0, 6, 31, 4, 0, 8, 2, 2, 0, 3, 0, 0, 0, 1, 4, 0, 0, 8, 1, 2, 0, 8, 2, 1, 0, 7, 0, 0, 0, 1, 4, 0, 0, 8, 2, 1, 0, 8, 2, 1, 0]",0.7039122104644775,0.5,0.49528301886792453,0.48291721419185285,0.48902195608782434,0.5078843626806833
"[0, 9, 0, 0, 0, 8, 1, 0, 6, 20, 4, 0, 7, 0, 0, 0, 7, 0, 0, 0, 3, 0, 0, 0, 8, 2, 2, 0, 0, 11, 0, 0, 8, 3, 1, 0, 2, 0, 0, 0, 2, 1, 0, 0, 1, 4, 0, 0]",0.6932541489601135,0.5,0.5007930214115781,0.8298291721419185,0.6246290801186943,0.1727989487516426
"[0, 8, 0, 0, 7, 0, 0, 0, 0, 4, 1, 0, 3, 0, 0, 0, 3, 0, 0, 0, 7, 0, 0, 0, 2, 1, 0, 0, 7, 0, 0, 0, 4, 26, 0, 0, 7, 0, 0, 0, 3, 0, 0, 0, 4, 379, 0, 0]",0.6936547100543976,0.5,0.49881046788263284,0.8265440210249672,0.6221562809099901,0.16951379763469118
"[7, 0, 0, 0, 2, 0, 0, 0, 3, 0, 0, 0, 7, 0, 0, 0, 6, 7, 4, 0, 1, 7, 0, 0, 1, 4, 0, 0, 7, 0, 0, 0, 1, 4, 0, 0, 3, 0, 0, 0, 7, 0, 0, 0, 5, 0, 0, 0]",0.7026687443256379,0.5,0.47364341085271316,0.4014454664914586,0.4345661450924609,0.5538764783180026
"[0, 26, 0, 0, 1, 26, 0, 0, 6, 40, 4, 0, 7, 0, 0, 0, 0, 4, 0, 0, 0, 21, 1, 0, 1, 21, 0, 0, 8, 1, 2, 0, 3, 0, 0, 0, 2, 0, 0, 0, 4, 168, 0, 0, 2, 0, 0, 0]",0.6953424632549285,0.5,0.5099191770756797,0.4559789750328515,0.4814429413805064,0.561760840998686
"[1, 4, 0, 0, 5, 0, 0, 0, 4, 370, 0, 0, 7, 0, 0, 0, 8, 1, 2, 0, 7, 0, 0, 0, 8, 2, 1, 0, 1, 4, 0, 0, 8, 3, 2, 0, 4, 142, 0, 0, 1, 4, 0, 0, 7, 0, 0, 0]",0.6937728762626648,0.5,0.49942857142857144,0.5742444152431012,0.5342298288508558,0.4244415243101183
"[0, 6, 0, 0, 6, 54, 1, 0, 0, 15, 1, 0, 2, 0, 0, 0, 7, 0, 0, 0, 4, 345, 0, 0, 4, 489, 0, 0, 8, 3, 1, 0, 0, 18, 0, 0, 0, 26, 1, 0, 0, 27, 0, 0, 3, 0, 0, 0]",0.6932155966758728,0.5,0.5047581284694687,0.8363994743758213,0.6295746785361028,0.17936925098554535
"[8, 0, 1, 0, 1, 4, 0, 0, 3, 0, 0, 0, 8, 2, 1, 0, 7, 0, 0, 0, 3, 0, 0, 0, 6, 57, 1, 0, 2, 1, 0, 0, 8, 3, 1, 0, 3, 0, 0, 0, 7, 0, 0, 0, 7, 0, 0, 0]",0.7074317872524262,0.5,0.5078636959370905,0.5091984231274639,0.5085301837270341,0.5065703022339028
"[8, 0, 2, 0, 3, 0, 0, 0, 3, 0, 0, 0, 3, 0, 0, 0, 4, 181, 0, 0, 2, 0, 0, 0, 3, 0, 0, 0, 3, 0, 0, 0, 7, 0, 0, 0, 4, 316, 0, 0, 1, 4, 0, 0, 4, 35, 0, 0]",0.6936866760253906,0.5,0.498,0.4908015768725361,0.4943745863666446,0.5052562417871223
"[7, 0, 0, 0, 4, 349, 0, 0, 0, 30, 1, 0, 7, 0, 0, 0, 3, 0, 0, 0, 3, 0, 0, 0, 1, 4, 0, 0, 8, 1, 1, 0, 6, 43, 4, 0, 3, 0, 0, 0, 2, 0, 0, 0, 8, 1, 2, 0]",0.6949788808822632,0.5,0.4931950745301361,0.5,0.4965742251223491,0.48620236530880423
"[0, 9, 1, 0, 7, 0, 0, 0, 6, 48, 4, 0, 7, 0, 0, 0, 8, 1, 2, 0, 0, 9, 0, 0, 1, 9, 0, 0, 7, 0, 0, 0, 0, 13, 0, 0, 7, 0, 0, 0, 0, 15, 0, 0, 7, 0, 0, 0]",0.6929327487945557,0.5,0.5163727959697733,0.5387647831800263,0.5273311897106109,0.49540078843626806
"[6, 35, 4, 0, 7, 0, 0, 0, 8, 1, 1, 0, 2, 1, 0, 0, 3, 0, 0, 0, 7, 0, 0, 0, 1, 4, 0, 0, 0, 6, 1, 0, 7, 0, 0, 0, 2, 1, 0, 0, 7, 0, 0, 0, 5, 0, 0, 0]",0.6932017087936402,0.5,0.507783543365456,0.450065703022339,0.4771856495994427,0.5637319316688568
"[4, 289, 0, 0, 1, 4, 0, 0, 0, 7, 1, 0, 7, 0, 0, 0, 0, 29, 0, 0, 5, 0, 0, 0, 4, 35, 0, 0, 1, 4, 0, 0, 8, 2, 1, 0, 7, 0, 0, 0, 8, 1, 2, 0, 3, 0, 0, 0]",0.6931764304637908,0.5,0.49484004127966974,0.6300919842312747,0.554335260115607,0.3567674113009198
"[7, 0, 0, 0, 3, 0, 0, 0, 8, 1, 1, 0, 0, 23, 0, 0, 3, 0, 0, 0, 4, 432, 0, 0, 1, 4, 0, 0, 6, 43, 4, 0, 3, 0, 0, 0, 2, 0, 0, 0, 7, 0, 0, 0, 5, 0, 0, 0]",0.6952362537384034,0.5,0.4971680302076778,0.519053876478318,0.507875281260045,0.47503285151116953
"[4, 509, 0, 0, 8, 1, 1, 0, 5, 0, 0, 0, 4, 232, 0, 0, 7, 0, 0, 0, 4, 452, 0, 0, 4, 348, 0, 0, 8, 2, 2, 0, 1, 4, 0, 0, 1, 4, 0, 0, 7, 0, 0, 0, 7, 0, 0, 0]",0.6934300899505615,0.5,0.4318181818181818,0.012483574244415242,0.024265644955300127,0.9835742444152431
"[0, 20, 0, 0, 7, 0, 0, 0, 8, 2, 2, 0, 0, 26, 0, 0, 2, 0, 0, 0, 1, 4, 0, 0, 4, 511, 0, 0, 6, 50, 2, 0, 8, 1, 2, 0, 0, 24, 1, 0, 3, 0, 0, 0, 1, 4, 0, 0]",0.6970161616802215,0.5,0.492798353909465,0.3147174770039422,0.38412189254210105,0.676084099868594
"[5, 0, 0, 0, 4, 308, 0, 0, 3, 0, 0, 0, 1, 4, 0, 0, 7, 0, 0, 0, 7, 0, 0, 0, 7, 0, 0, 0, 3, 0, 0, 0, 7, 0, 0, 0, 7, 0, 0, 0, 4, 492, 0, 0, 7, 0, 0, 0]",0.6934612274169922,0.5,0.5188679245283019,0.39750328515111694,0.45014880952380953,0.6314060446780552
"[6, 21, 4, 0, 4, 454, 0, 0, 7, 0, 0, 0, 1, 4, 0, 0, 3, 0, 0, 0, 7, 0, 0, 0, 2, 1, 0, 0, 4, 191, 0, 0, 5, 0, 0, 0, 4, 27, 0, 0, 4, 468, 0, 0, 7, 0, 0, 0]",0.6936948895454407,0.5,0.49271137026239065,0.3331143232588699,0.39749117992943944,0.657030223390276
"[3, 0, 0, 0, 6, 23, 3, 0, 7, 0, 0, 0, 7, 0, 0, 0, 1, 4, 0, 0, 0, 7, 1, 0, 0, 7, 1, 0, 7, 0, 0, 0, 0, 9, 0, 0, 8, 1, 1, 0, 1, 4, 0, 0, 7, 0, 0, 0]",0.6926776945590973,0.5,0.4993523316062176,0.5065703022339028,0.50293542074364,0.4921156373193167
"[4, 363, 0, 0, 3, 0, 0, 0, 6, 10, 4, 0, 0, 15, 0, 0, 1, 15, 0, 0, 7, 0, 0, 0, 3, 0, 0, 0, 7, 0, 0, 0, 7, 0, 0, 0, 2, 1, 0, 0, 7, 0, 0, 0, 5, 0, 0, 0]",0.6950828492641449,0.5,0.48998946259220233,0.6110381077529566,0.543859649122807,0.3639947437582129
"[7, 0, 0, 0, 4, 334, 0, 0, 8, 2, 1, 0, 8, 1, 1, 0, 6, 47, 3, 0, 7, 0, 0, 0, 0, 27, 0, 0, 5, 0, 0, 0, 7, 0, 0, 0, 7, 0, 0, 0, 7, 0, 0, 0, 7, 0, 0, 0]",0.6931712210178376,0.5,0.4956217162872154,0.3718791064388962,0.42492492492492495,0.621550591327201
"[4, 293, 0, 0, 3, 0, 0, 0, 6, 55, 4, 0, 2, 0, 0, 0, 1, 4, 0, 0, 7, 0, 0, 0, 7, 0, 0, 0, 1, 4, 0, 0, 2, 1, 0, 0, 7, 0, 0, 0, 2, 1, 0, 0, 5, 0, 0, 0]",0.6937027692794799,0.5,0.49240121580547114,0.3193166885676741,0.3874053407732164,0.6708278580814717
"[0, 5, 1, 0, 1, 5, 0, 0, 6, 57, 4, 0, 1, 57, 0, 0, 4, 29, 0, 0, 0, 16, 1, 0, 0, 16, 1, 0, 1, 16, 0, 0, 2, 0, 0, 0, 8, 3, 2, 0, 0, 17, 1, 0, 0, 25, 0, 0]",0.6565869688987732,0.5,0.4976331360946746,0.5525624178712221,0.5236612702366127,0.44218134034165574
"[4, 229, 0, 0, 0, 15, 1, 0, 2, 1, 0, 0, 6, 61, 1, 0, 8, 2, 1, 0, 2, 1, 0, 0, 1, 4, 0, 0, 7, 0, 0, 0, 0, 8, 0, 0, 2, 0, 0, 0, 7, 0, 0, 0, 7, 0, 0, 0]",0.6929523587226868,0.5,0.5022455089820359,0.4408672798948752,0.4695591322603219,0.5630749014454665
"[0, 11, 1, 0, 3, 0, 0, 0, 0, 11, 1, 0, 2, 1, 0, 0, 7, 0, 0, 0, 2, 0, 0, 0, 6, 60, 1, 0, 1, 60, 0, 0, 0, 25, 1, 0, 3, 0, 0, 0, 7, 0, 0, 0, 1, 4, 0, 0]",0.7029018819332122,0.5,0.5071942446043165,0.4632063074901445,0.4842032967032967,0.5499342969776609
"[3, 0, 0, 0, 0, 4, 0, 0, 1, 4, 0, 0, 2, 1, 0, 0, 0, 19, 1, 0, 0, 15, 0, 0, 6, 6, 4, 0, 0, 28, 0, 0, 8, 1, 1, 0, 4, 143, 0, 0, 0, 27, 1, 0, 4, 67, 0, 0]",0.6933876931667328,0.5,0.5039138943248532,0.3383705650459921,0.404874213836478,0.6668856767411301
"[4, 169, 0, 0, 6, 6, 1, 0, 7, 0, 0, 0, 8, 3, 2, 0, 2, 0, 0, 0, 0, 13, 1, 0, 8, 1, 2, 0, 4, 37, 0, 0, 7, 0, 0, 0, 7, 0, 0, 0, 1, 4, 0, 0, 7, 0, 0, 0]",0.6934415578842164,0.5,0.49021526418786693,0.3291721419185282,0.3938679245283019,0.6576872536136662
"[4, 403, 0, 0, 2, 0, 0, 0, 7, 0, 0, 0, 3, 0, 0, 0, 7, 0, 0, 0, 4, 157, 0, 0, 3, 0, 0, 0, 8, 1, 1, 0, 0, 9, 0, 0, 8, 3, 2, 0, 7, 0, 0, 0, 8, 1, 1, 0]",0.6932715952396393,0.5,0.5,1.0,0.6666666666666666,0.0
"[1, 4, 0, 0, 0, 19, 1, 0, 5, 0, 0, 0, 7, 0, 0, 0, 4, 421, 0, 0, 7, 0, 0, 0, 1, 4, 0, 0, 7, 0, 0, 0, 3, 0, 0, 0, 1, 4, 0, 0, 4, 234, 0, 0, 7, 0, 0, 0]",0.6943918228149414,0.5,0.48892490545651,0.5946123521681997,0.5366142899495998,0.37844940867279897
"[0, 29, 0, 0, 6, 60, 1, 0, 2, 0, 0, 0, 8, 2, 1, 0, 2, 0, 0, 0, 7, 0, 0, 0, 7, 0, 0, 0, 3, 0, 0, 0, 8, 1, 1, 0, 4, 154, 0, 0, 3, 0, 0, 0, 8, 1, 2, 0]",0.6934820353984833,0.5,0.495581237253569,0.47897503285151116,0.4871366521884397,0.5124835742444153
"[6, 19, 2, 0, 5, 0, 0, 0, 4, 213, 0, 0, 3, 0, 0, 0, 7, 0, 0, 0, 3, 0, 0, 0, 1, 4, 0, 0, 3, 0, 0, 0, 7, 0, 0, 0, 8, 1, 1, 0, 7, 0, 0, 0, 7, 0, 0, 0]",0.6948527723550797,0.5,0.5069570477918935,0.5505913272010512,0.5278740157480315,0.4645203679369251
"[4, 151, 0, 0, 3, 0, 0, 0, 2, 1, 0, 0, 3, 0, 0, 0, 4, 384, 0, 0, 1, 4, 0, 0, 1, 4, 0, 0, 6, 53, 4, 0, 3, 0, 0, 0, 3, 0, 0, 0, 8, 3, 1, 0, 0, 12, 1, 0]",0.693291711807251,0.5,0.5054254711593376,0.5814717477003942,0.5407882676443629,0.43101182654402104
"[8, 0, 1, 0, 6, 52, 2, 0, 4, 121, 0, 0, 3, 0, 0, 0, 8, 1, 2, 0, 4, 70, 0, 0, 7, 0, 0, 0, 7, 0, 0, 0, 8, 3, 2, 0, 5, 0, 0, 0, 4, 2, 0, 0, 7, 0, 0, 0]",0.6992392987012863,0.5,0.5016,0.411957950065703,0.4523809523809524,0.5906701708278581
"[0, 11, 0, 0, 6, 58, 2, 0, 0, 13, 0, 0, 1, 13, 0, 0, 7, 0, 0, 0, 3, 0, 0, 0, 4, 396, 0, 0, 8, 1, 2, 0, 7, 0, 0, 0, 4, 71, 0, 0, 2, 1, 0, 0, 7, 0, 0, 0]",0.6930780410766602,0.5,0.49383259911894273,0.7365308804204993,0.5912447257383966,0.24507227332457293
"[6, 57, 4, 0, 0, 8, 0, 0, 7, 0, 0, 0, 8, 2, 2, 0, 8, 3, 1, 0, 7, 0, 0, 0, 7, 0, 0, 0, 2, 0, 0, 0, 7, 0, 0, 0, 7, 0, 0, 0, 5, 0, 0, 0, 7, 0, 0, 0]",0.6931511789560318,0.5,0.5008310249307479,0.5939553219448095,0.5434325217914037,0.4080157687253614
"[3, 0, 0, 0, 2, 0, 0, 0, 3, 0, 0, 0, 3, 0, 0, 0, 3, 0, 0, 0, 7, 0, 0, 0, 0, 19, 1, 0, 0, 23, 0, 0, 7, 0, 0, 0, 7, 0, 0, 0, 2, 1, 0, 0, 7, 0, 0, 0]",0.6930366277694702,0.5,0.5065926439972241,0.47963206307490147,0.49274384070199123,0.5328515111695138
"[7, 0, 0, 0, 7, 0, 0, 0, 2, 1, 0, 0, 1, 4, 0, 0, 2, 1, 0, 0, 6, 62, 3, 0, 3, 0, 0, 0, 1, 4, 0, 0, 7, 0, 0, 0, 1, 4, 0, 0, 2, 1, 0, 0, 8, 2, 1, 0]",0.6995646536350251,0.5,0.4957208689927584,0.4947437582128778,0.4952318316343308,0.4967148488830486
"[7, 0, 0, 0, 6, 51, 3, 0, 1, 51, 0, 0, 7, 0, 0, 0, 8, 2, 2, 0, 3, 0, 0, 0, 4, 353, 0, 0, 0, 9, 1, 0, 1, 9, 0, 0, 2, 0, 0, 0, 4, 388, 0, 0, 8, 1, 1, 0]",0.6930539548397064,0.5,0.5010956902848794,0.4507227332457293,0.4745762711864407,0.5512483574244416
"[1, 4, 0, 0, 8, 1, 1, 0, 0, 28, 0, 0, 1, 28, 0, 0, 7, 0, 0, 0, 3, 0, 0, 0, 4, 15, 0, 0, 6, 59, 4, 0, 1, 59, 0, 0, 3, 0, 0, 0, 1, 4, 0, 0, 5, 0, 0, 0]",0.6963994085788727,0.5,0.5089361702127659,0.392904073587385,0.44345569150908415,0.6208935611038108
"[8, 0, 1, 0, 0, 19, 1, 0, 0, 22, 1, 0, 7, 0, 0, 0, 3, 0, 0, 0, 3, 0, 0, 0, 1, 4, 0, 0, 7, 0, 0, 0, 1, 4, 0, 0, 7, 0, 0, 0, 7, 0, 0, 0, 2, 1, 0, 0]",0.6988967716693878,0.5,0.5022266204849085,0.6668856767411301,0.5729607677109794,0.33902759526938236
"[1, 4, 0, 0, 4, 232, 0, 0, 6, 12, 4, 0, 4, 182, 0, 0, 4, 438, 0, 0, 8, 2, 1, 0, 2, 1, 0, 0, 2, 1, 0, 0, 7, 0, 0, 0, 7, 0, 0, 0, 7, 0, 0, 0, 5, 0, 0, 0]",0.6930502414703369,0.5,0.49558638083228246,0.5164257555847569,0.5057915057915058,0.4743758212877792
"[0, 30, 0, 0, 6, 47, 3, 0, 0, 22, 0, 0, 7, 0, 0, 0, 7, 0, 0, 0, 7, 0, 0, 0, 7, 0, 0, 0, 8, 2, 2, 0, 8, 1, 1, 0, 7, 0, 0, 0, 8, 1, 2, 0, 3, 0, 0, 0]",0.6928370088338852,0.5,0.49498997995991983,0.6491458607095927,0.5616827743035816,0.33771353482260186
"[7, 0, 0, 0, 8, 1, 2, 0, 3, 0, 0, 0, 1, 4, 0, 0, 3, 0, 0, 0, 2, 0, 0, 0, 3, 0, 0, 0, 8, 3, 1, 0, 1, 4, 0, 0, 7, 0, 0, 0, 3, 0, 0, 0, 5, 0, 0, 0]",0.6963100552558898,0.5,0.48214285714285715,0.44349540078843624,0.4620123203285421,0.5236530880420499
"[7, 0, 0, 0, 3, 0, 0, 0, 3, 0, 0, 0, 6, 62, 2, 0, 0, 31, 0, 0, 2, 1, 0, 0, 1, 4, 0, 0, 1, 4, 0, 0, 0, 29, 0, 0, 7, 0, 0, 0, 7, 0, 0, 0, 5, 0, 0, 0]",0.693203541636467,0.5,0.5,0.4080157687253614,0.44934876989869754,0.5919842312746386
"[1, 4, 0, 0, 8, 1, 2, 0, 0, 15, 0, 0, 8, 1, 2, 0, 3, 0, 0, 0, 8, 3, 1, 0, 3, 0, 0, 0, 4, 132, 0, 0, 4, 352, 0, 0, 6, 34, 2, 0, 7, 0, 0, 0, 5, 0, 0, 0]",0.6931558102369308,0.5,0.5084745762711864,0.5519053876478318,0.5293005671077504,0.4664914586070959
"[3, 0, 0, 0, 0, 16, 1, 0, 4, 17, 0, 0, 8, 1, 1, 0, 0, 21, 0, 0, 0, 29, 0, 0, 1, 29, 0, 0, 3, 0, 0, 0, 4, 436, 0, 0, 2, 1, 0, 0, 2, 0, 0, 0, 5, 0, 0, 0]",0.6934106171131134,0.5,0.5009328358208955,0.3528252299605782,0.41403238242097146,0.6484888304862023
"[3, 0, 0, 0, 2, 1, 0, 0, 3, 0, 0, 0, 7, 0, 0, 0, 7, 0, 0, 0, 7, 0, 0, 0, 0, 31, 0, 0, 0, 8, 0, 0, 4, 253, 0, 0, 8, 2, 1, 0, 8, 3, 1, 0, 4, 104, 0, 0]",0.6936669111251831,0.5,0.5126666666666667,0.5052562417871223,0.5089344804765056,0.5197109067017083
"[3, 0, 0, 0, 0, 23, 0, 0, 3, 0, 0, 0, 8, 3, 1, 0, 7, 0, 0, 0, 2, 0, 0, 0, 8, 2, 2, 0, 6, 34, 4, 0, 0, 5, 1, 0, 5, 0, 0, 0, 7, 0, 0, 0, 7, 0, 0, 0]",0.6931527495384217,0.5,0.5061619718309859,0.37779237844940866,0.4326561324303988,0.6314060446780552
"[7, 0, 0, 0, 2, 0, 0, 0, 7, 0, 0, 0, 6, 41, 4, 0, 0, 30, 0, 0, 4, 62, 0, 0, 7, 0, 0, 0, 7, 0, 0, 0, 3, 0, 0, 0, 2, 0, 0, 0, 1, 4, 0, 0, 7, 0, 0, 0]",0.6941948115825654,0.5,0.5106382978723404,0.44152431011826543,0.47357293868921774,0.5768725361366623
"[7, 0, 0, 0, 7, 0, 0, 0, 6, 52, 2, 0, 2, 1, 0, 0, 3, 0, 0, 0, 3, 0, 0, 0, 2, 1, 0, 0, 3, 0, 0, 0, 0, 5, 0, 0, 5, 0, 0, 0, 4, 37, 0, 0, 8, 1, 2, 0]",0.6937467664480209,0.5,0.5,0.34296977660972405,0.406858924395947,0.657030223390276
"[6, 51, 4, 0, 7, 0, 0, 0, 2, 1, 0, 0, 3, 0, 0, 0, 7, 0, 0, 0, 4, 199, 0, 0, 2, 1, 0, 0, 8, 2, 1, 0, 4, 14, 0, 0, 7, 0, 0, 0, 7, 0, 0, 0, 1, 4, 0, 0]",0.6944616466760636,0.5,0.49850746268656715,0.7680683311432326,0.604603051461081,0.22733245729303547
"[4, 286, 0, 0, 1, 4, 0, 0, 8, 1, 2, 0, 0, 30, 0, 0, 1, 30, 0, 0, 7, 0, 0, 0, 8, 2, 2, 0, 3, 0, 0, 0, 4, 400, 0, 0, 2, 1, 0, 0, 2, 0, 0, 0, 5, 0, 0, 0]",0.6933102071285248,0.5,0.5043189368770764,0.49868593955321944,0.5014866204162537,0.5098554533508541
"[0, 9, 0, 0, 2, 1, 0, 0, 0, 22, 1, 0, 7, 0, 0, 0, 0, 10, 0, 0, 1, 10, 0, 0, 6, 24, 4, 0, 8, 2, 1, 0, 7, 0, 0, 0, 2, 0, 0, 0, 3, 0, 0, 0, 1, 4, 0, 0]",0.7002547025680542,0.5,0.497,0.32654402102496716,0.39413164155432195,0.6695137976346912
"[2, 1, 0, 0, 7, 0, 0, 0, 4, 308, 0, 0, 7, 0, 0, 0, 3, 0, 0, 0, 4, 373, 0, 0, 7, 0, 0, 0, 1, 4, 0, 0, 7, 0, 0, 0, 3, 0, 0, 0, 0, 4, 1, 0, 6, 60, 4, 0]",0.6929679214954376,0.5,0.48962213943587013,0.6044678055190539,0.5410173478388709,0.36990801576872534
"[0, 10, 0, 0, 8, 1, 1, 0, 7, 0, 0, 0, 3, 0, 0, 0, 8, 1, 2, 0, 7, 0, 0, 0, 1, 4, 0, 0, 0, 23, 0, 0, 3, 0, 0, 0, 4, 261, 0, 0, 8, 1, 2, 0, 4, 247, 0, 0]",0.693194392323494,0.5,0.5058290155440415,0.5131406044678055,0.5094585779517287,0.49868593955321944
"[7, 0, 0, 0, 6, 18, 4, 0, 7, 0, 0, 0, 1, 4, 0, 0, 3, 0, 0, 0, 5, 0, 0, 0, 4, 279, 0, 0, 8, 2, 1, 0, 7, 0, 0, 0, 7, 0, 0, 0, 7, 0, 0, 0, 4, 92, 0, 0]",0.6933439195156097,0.5,0.4938980617372577,0.4520367936925099,0.472041166380789,0.5367936925098554
"[1, 4, 0, 0, 7, 0, 0, 0, 8, 1, 2, 0, 3, 0, 0, 0, 0, 8, 1, 0, 2, 1, 0, 0, 4, 437, 0, 0, 0, 9, 0, 0, 0, 17, 1, 0, 4, 254, 0, 0, 1, 4, 0, 0, 7, 0, 0, 0]",0.6937863260507584,0.5,0.5006835269993165,0.9625492772667543,0.6587230215827338,0.04007884362680683
"[8, 0, 2, 0, 0, 22, 1, 0, 2, 0, 0, 0, 7, 0, 0, 0, 4, 120, 0, 0, 8, 3, 2, 0, 2, 0, 0, 0, 2, 0, 0, 0, 4, 132, 0, 0, 2, 1, 0, 0, 1, 4, 0, 0, 4, 511, 0, 0]",0.6931017100811004,0.5,0.49523809523809526,0.580814717477004,0.5346235258542485,0.4080157687253614
"[3, 0, 0, 0, 7, 0, 0, 0, 1, 4, 0, 0, 0, 26, 1, 0, 6, 57, 2, 0, 7, 0, 0, 0, 2, 0, 0, 0, 7, 0, 0, 0, 7, 0, 0, 0, 1, 4, 0, 0, 0, 23, 0, 0, 7, 0, 0, 0]",0.6936779499053956,0.5,0.5141087405368203,0.4908015768725361,0.5021848739495798,0.5361366622864652
"[7, 0, 0, 0, 6, 26, 4, 0, 4, 84, 0, 0, 8, 2, 1, 0, 3, 0, 0, 0, 7, 0, 0, 0, 7, 0, 0, 0, 7, 0, 0, 0, 0, 27, 1, 0, 7, 0, 0, 0, 7, 0, 0, 0, 8, 3, 1, 0]",0.6934944242238998,0.5,0.4889937106918239,0.40867279894875164,0.44523979957050824,0.5729303547963206
"[4, 273, 0, 0, 0, 8, 1, 0, 7, 0, 0, 0, 7, 0, 0, 0, 8, 2, 1, 0, 4, 68, 0, 0, 6, 10, 1, 0, 1, 10, 0, 0, 7, 0, 0, 0, 3, 0, 0, 0, 1, 4, 0, 0, 3, 0, 0, 0]",0.6943236261606216,0.5,0.4926315789473684,0.6149802890932983,0.5470485096434834,0.36662286465177396
"[2, 0, 0, 0, 4, 117, 0, 0, 8, 2, 1, 0, 1, 4, 0, 0, 2, 1, 0, 0, 7, 0, 0, 0, 7, 0, 0, 0, 2, 1, 0, 0, 1, 4, 0, 0, 1, 4, 0, 0, 7, 0, 0, 0, 8, 2, 1, 0]",0.693721941113472,0.5,0.49367850692354004,0.5387647831800263,0.5152371976123155,0.44743758212877793
"[8, 0, 2, 0, 3, 0, 0, 0, 5, 0, 0, 0, 7, 0, 0, 0, 7, 0, 0, 0, 3, 0, 0, 0, 8, 1, 1, 0, 7, 0, 0, 0, 7, 0, 0, 0, 8, 1, 2, 0, 4, 176, 0, 0, 7, 0, 0, 0]",0.6936081886291504,0.5,0.5,0.3114323258869908,0.3838056680161943,0.6885676741130092
"[6, 50, 4, 0, 7, 0, 0, 0, 7, 0, 0, 0, 7, 0, 0, 0, 7, 0, 0, 0, 3, 0, 0, 0, 0, 26, 1, 0, 1, 26, 0, 0, 2, 0, 0, 0, 7, 0, 0, 0, 8, 1, 2, 0, 8, 2, 2, 0]",0.7030117154121399,0.5,0.5055282555282555,0.5407358738501971,0.5225396825396825,0.47109067017082784
"[6, 23, 2, 0, 1, 23, 0, 0, 7, 0, 0, 0, 7, 0, 0, 0, 7, 0, 0, 0, 1, 4, 0, 0, 3, 0, 0, 0, 4, 135, 0, 0, 0, 12, 1, 0, 8, 1, 1, 0, 7, 0, 0, 0, 8, 1, 1, 0]",0.693180900812149,0.5,0.5058087578194816,0.3718791064388962,0.4286255206361227,0.6366622864651774
"[8, 0, 1, 0, 4, 254, 0, 0, 1, 4, 0, 0, 2, 1, 0, 0, 0, 26, 0, 0, 7, 0, 0, 0, 2, 0, 0, 0, 0, 31, 1, 0, 4, 110, 0, 0, 4, 260, 0, 0, 0, 5, 1, 0, 5, 0, 0, 0]",0.6934785932302475,0.5,0.5032,0.4132720105124836,0.4538239538239538,0.5919842312746386
"[6, 4, 4, 0, 0, 27, 0, 0, 2, 0, 0, 0, 7, 0, 0, 0, 7, 0, 0, 0, 7, 0, 0, 0, 2, 0, 0, 0, 5, 0, 0, 0, 7, 0, 0, 0, 1, 4, 0, 0, 7, 0, 0, 0, 7, 0, 0, 0]",0.7017740130424499,0.5,0.5144167758846658,0.5157687253613666,0.5150918635170604,0.5131406044678055
"[8, 0, 2, 0, 1, 4, 0, 0, 7, 0, 0, 0, 1, 4, 0, 0, 0, 27, 1, 0, 0, 14, 1, 0, 2, 0, 0, 0, 8, 3, 1, 0, 1, 4, 0, 0, 7, 0, 0, 0, 0, 11, 1, 0, 7, 0, 0, 0]",0.6685447126626969,0.5,0.5352112676056338,0.4743758212877792,0.5029606408916754,0.588042049934297
"[3, 0, 0, 0, 4, 245, 0, 0, 7, 0, 0, 0, 2, 1, 0, 0, 8, 3, 1, 0, 7, 0, 0, 0, 8, 1, 2, 0, 5, 0, 0, 0, 4, 480, 0, 0, 8, 2, 1, 0, 7, 0, 0, 0, 7, 0, 0, 0]",0.6932569146156311,0.5,0.5073627844712182,0.4980289093298292,0.5026525198938993,0.5164257555847569
"[7, 0, 0, 0, 8, 1, 1, 0, 3, 0, 0, 0, 8, 3, 1, 0, 7, 0, 0, 0, 1, 4, 0, 0, 8, 1, 1, 0, 6, 41, 3, 0, 0, 13, 0, 0, 7, 0, 0, 0, 2, 0, 0, 0, 3, 0, 0, 0]",0.6930388420820236,0.5,0.5164835164835165,0.4940867279894875,0.5050369375419744,0.5374507227332457
"[2, 0, 0, 0, 2, 0, 0, 0, 0, 25, 0, 0, 3, 0, 0, 0, 4, 429, 0, 0, 6, 22, 4, 0, 1, 22, 0, 0, 7, 0, 0, 0, 1, 4, 0, 0, 0, 24, 0, 0, 7, 0, 0, 0, 0, 5, 1, 0]",0.6932667881250382,0.5,0.5003631082062454,0.45269382391590013,0.47533632286995514,0.5479632063074902
"[0, 5, 1, 0, 6, 35, 1, 0, 7, 0, 0, 0, 3, 0, 0, 0, 2, 1, 0, 0, 7, 0, 0, 0, 1, 4, 0, 0, 3, 0, 0, 0, 7, 0, 0, 0, 2, 1, 0, 0, 7, 0, 0, 0, 8, 1, 1, 0]",0.6944209277629853,0.5,0.4950544015825915,0.6576872536136662,0.5648984198645598,0.3291721419185282
"[2, 1, 0, 0, 2, 1, 0, 0, 5, 0, 0, 0, 7, 0, 0, 0, 7, 0, 0, 0, 7, 0, 0, 0, 7, 0, 0, 0, 7, 0, 0, 0, 7, 0, 0, 0, 1, 4, 0, 0, 4, 354, 0, 0, 7, 0, 0, 0]",0.6933289378881454,0.5,0.4958572339069471,0.5111695137976346,0.5033969589129732,0.4802890932982917
"[7, 0, 0, 0, 0, 25, 1, 0, 7, 0, 0, 0, 6, 9, 2, 0, 1, 9, 0, 0, 7, 0, 0, 0, 7, 0, 0, 0, 2, 1, 0, 0, 4, 259, 0, 0, 7, 0, 0, 0, 1, 4, 0, 0, 2, 0, 0, 0]",0.6950634121894836,0.5,0.5078864353312302,0.4231274638633377,0.46164874551971324,0.5900131406044679
"[3, 0, 0, 0, 3, 0, 0, 0, 4, 498, 0, 0, 3, 0, 0, 0, 7, 0, 0, 0, 7, 0, 0, 0, 0, 29, 1, 0, 7, 0, 0, 0, 4, 380, 0, 0, 6, 39, 4, 0, 7, 0, 0, 0, 7, 0, 0, 0]",0.6931971251964569,0.5,0.5010238907849829,0.48226018396846254,0.49146300636089724,0.5197109067017083
"[4, 18, 0, 0, 6, 48, 4, 0, 2, 0, 0, 0, 4, 16, 0, 0, 7, 0, 0, 0, 8, 2, 1, 0, 4, 482, 0, 0, 7, 0, 0, 0, 2, 1, 0, 0, 1, 4, 0, 0, 7, 0, 0, 0, 0, 14, 0, 0]",0.6932378321886062,0.5,0.533724340175953,0.3587385019710907,0.42907662082514736,0.6865965834428384
"[4, 491, 0, 0, 6, 17, 3, 0, 5, 0, 0, 0, 4, 71, 0, 0, 1, 4, 0, 0, 7, 0, 0, 0, 7, 0, 0, 0, 7, 0, 0, 0, 7, 0, 0, 0, 7, 0, 0, 0, 7, 0, 0, 0, 7, 0, 0, 0]",0.6934001594781876,0.5,0.4961352657004831,0.6747700394218134,0.571826280623608,0.3147174770039422
"[1, 4, 0, 0, 0, 4, 1, 0, 0, 8, 1, 0, 3, 0, 0, 0, 3, 0, 0, 0, 7, 0, 0, 0, 3, 0, 0, 0, 6, 34, 2, 0, 4, 455, 0, 0, 0, 18, 1, 0, 7, 0, 0, 0, 2, 0, 0, 0]",0.6929725527763366,0.5,0.5009118541033435,0.5413929040735874,0.5203662772339753,0.46057818659658345
"[8, 0, 2, 0, 4, 284, 0, 0, 0, 8, 1, 0, 7, 0, 0, 0, 8, 3, 1, 0, 4, 82, 0, 0, 7, 0, 0, 0, 6, 34, 1, 0, 7, 0, 0, 0, 3, 0, 0, 0, 3, 0, 0, 0, 5, 0, 0, 0]",0.6930187612771987,0.5,0.5078843626806833,0.5078843626806833,0.5078843626806833,0.5078843626806833
"[3, 0, 0, 0, 7, 0, 0, 0, 1, 4, 0, 0, 1, 4, 0, 0, 0, 22, 0, 0, 2, 0, 0, 0, 3, 0, 0, 0, 8, 2, 2, 0, 8, 1, 1, 0, 7, 0, 0, 0, 6, 60, 4, 0, 4, 355, 0, 0]",0.6942447602748871,0.5,0.5046787273861509,0.5315374507227333,0.51776,0.4783180026281209
"[7, 0, 0, 0, 7, 0, 0, 0, 6, 43, 4, 0, 1, 43, 0, 0, 8, 3, 1, 0, 4, 364, 0, 0, 0, 24, 0, 0, 7, 0, 0, 0, 2, 1, 0, 0, 0, 21, 0, 0, 7, 0, 0, 0, 7, 0, 0, 0]",0.692824974656105,0.5,0.5074135090609555,0.607095926412615,0.5527968890218367,0.41064388961892245
"[7, 0, 0, 0, 2, 0, 0, 0, 6, 51, 4, 0, 0, 23, 0, 0, 7, 0, 0, 0, 1, 4, 0, 0, 8, 3, 1, 0, 4, 167, 0, 0, 2, 1, 0, 0, 7, 0, 0, 0, 4, 288, 0, 0, 1, 4, 0, 0]",0.6937264651060104,0.5,0.504995004995005,0.664257555847569,0.5737797956867197,0.34888304862023656
"[2, 0, 0, 0, 7, 0, 0, 0, 1, 4, 0, 0, 1, 4, 0, 0, 1, 4, 0, 0, 0, 31, 0, 0, 4, 493, 0, 0, 7, 0, 0, 0, 0, 29, 0, 0, 0, 13, 1, 0, 3, 0, 0, 0, 8, 1, 2, 0]",0.693245467543602,0.5,0.5288367546432062,0.3554533508541393,0.425147347740668,0.683311432325887
"[0, 12, 1, 0, 2, 1, 0, 0, 0, 14, 0, 0, 1, 14, 0, 0, 4, 190, 0, 0, 4, 360, 0, 0, 2, 1, 0, 0, 8, 2, 2, 0, 4, 361, 0, 0, 1, 4, 0, 0, 0, 10, 0, 0, 1, 10, 0, 0]",0.6930052816867829,0.5,0.4975871313672922,0.6097240473061761,0.5479775612636552,0.3843626806833114
"[6, 7, 4, 0, 0, 30, 1, 0, 0, 24, 0, 0, 7, 0, 0, 0, 8, 1, 2, 0, 7, 0, 0, 0, 3, 0, 0, 0, 3, 0, 0, 0, 3, 0, 0, 0, 7, 0, 0, 0, 3, 0, 0, 0, 7, 0, 0, 0]",0.6930688560009003,0.5,0.5022255192878339,0.4448094612352168,0.47177700348432056,0.5591327201051248
"[4, 333, 0, 0, 1, 4, 0, 0, 0, 16, 0, 0, 0, 28, 0, 0, 7, 0, 0, 0, 6, 24, 4, 0, 4, 173, 0, 0, 7, 0, 0, 0, 1, 4, 0, 0, 1, 4, 0, 0, 3, 0, 0, 0, 8, 2, 1, 0]",0.6937437683343888,0.5,0.5044014084507042,0.7529566360052562,0.6041117554032683,0.26018396846254926
"[0, 21, 0, 0, 6, 21, 4, 0, 2, 0, 0, 0, 1, 4, 0, 0, 0, 7, 0, 0, 3, 0, 0, 0, 7, 0, 0, 0, 5, 0, 0, 0, 4, 287, 0, 0, 4, 119, 0, 0, 8, 1, 1, 0, 7, 0, 0, 0]",0.6935261398553848,0.5,0.5123639960435212,0.3403416557161629,0.409001184366364,0.676084099868594
"[4, 126, 0, 0, 4, 460, 0, 0, 7, 0, 0, 0, 4, 241, 0, 0, 8, 2, 1, 0, 2, 0, 0, 0, 7, 0, 0, 0, 0, 13, 1, 0, 6, 41, 2, 0, 7, 0, 0, 0, 7, 0, 0, 0, 1, 4, 0, 0]",0.6931828022003174,0.5,0.5287610619469026,0.15703022339027595,0.24214792299898683,0.8600525624178712
"[1, 4, 0, 0, 4, 337, 0, 0, 6, 32, 4, 0, 8, 1, 1, 0, 8, 1, 1, 0, 0, 31, 1, 0, 2, 0, 0, 0, 7, 0, 0, 0, 2, 1, 0, 0, 4, 242, 0, 0, 8, 3, 2, 0, 4, 430, 0, 0]",0.6930818676948547,0.5,0.517362858580775,0.6754270696452037,0.58592191507552,0.36990801576872534
"[4, 40, 0, 0, 6, 52, 3, 0, 2, 0, 0, 0, 8, 1, 1, 0, 3, 0, 0, 0, 8, 1, 2, 0, 5, 0, 0, 0, 7, 0, 0, 0, 7, 0, 0, 0, 8, 2, 2, 0, 7, 0, 0, 0, 1, 4, 0, 0]",0.6980160355567933,0.5,0.4946058091286307,0.3915900131406045,0.4371103777044371,0.599868593955322
"[7, 0, 0, 0, 0, 23, 1, 0, 0, 28, 1, 0, 2, 0, 0, 0, 2, 1, 0, 0, 2, 0, 0, 0, 4, 327, 0, 0, 4, 249, 0, 0, 1, 4, 0, 0, 6, 32, 4, 0, 4, 468, 0, 0, 8, 1, 1, 0]",0.6931345641613007,0.5,0.48817345597897505,0.48817345597897505,0.48817345597897505,0.48817345597897505
"[8, 0, 2, 0, 7, 0, 0, 0, 2, 1, 0, 0, 8, 2, 2, 0, 0, 16, 1, 0, 6, 13, 4, 0, 8, 3, 2, 0, 0, 13, 1, 0, 3, 0, 0, 0, 7, 0, 0, 0, 4, 420, 0, 0, 5, 0, 0, 0]",0.6933368682861328,0.5,0.49,0.3219448094612352,0.3885804916732752,0.6649145860709592
"[7, 0, 0, 0, 7, 0, 0, 0, 6, 22, 4, 0, 2, 1, 0, 0, 2, 1, 0, 0, 7, 0, 0, 0, 7, 0, 0, 0, 7, 0, 0, 0, 3, 0, 0, 0, 4, 198, 0, 0, 7, 0, 0, 0, 7, 0, 0, 0]",0.6932896345853805,0.5,0.5041916167664671,0.5532194480946123,0.5275689223057645,0.4559789750328515
"[0, 10, 1, 0, 7, 0, 0, 0, 1, 4, 0, 0, 2, 1, 0, 0, 3, 0, 0, 0, 8, 2, 1, 0, 7, 0, 0, 0, 3, 0, 0, 0, 0, 15, 1, 0, 0, 28, 1, 0, 7, 0, 0, 0, 0, 7, 1, 0]",0.6858106464147568,0.5,0.5069953364423717,0.5,0.503473370823685,0.5137976346911958
"[7, 0, 0, 0, 1, 4, 0, 0, 8, 1, 1, 0, 7, 0, 0, 0, 1, 4, 0, 0, 5, 0, 0, 0, 7, 0, 0, 0, 1, 4, 0, 0, 1, 4, 0, 0, 7, 0, 0, 0, 7, 0, 0, 0, 7, 0, 0, 0]",0.7164958119392395,0.5,0.5085078534031413,0.5105124835742444,0.5095081967213114,0.5065703022339028
"[6, 5, 4, 0, 7, 0, 0, 0, 7, 0, 0, 0, 7, 0, 0, 0, 4, 222, 0, 0, 1, 4, 0, 0, 3, 0, 0, 0, 0, 24, 1, 0, 7, 0, 0, 0, 7, 0, 0, 0, 8, 1, 1, 0, 4, 253, 0, 0]",0.693411511182785,0.5,0.5175561797752809,0.48423127463863336,0.5003394433129668,0.5486202365308804
"[7, 0, 0, 0, 8, 1, 1, 0, 5, 0, 0, 0, 4, 142, 0, 0, 4, 492, 0, 0, 7, 0, 0, 0, 7, 0, 0, 0, 8, 2, 1, 0, 7, 0, 0, 0, 8, 1, 2, 0, 7, 0, 0, 0, 3, 0, 0, 0]",0.6932195991277694,0.5,0.507909604519774,0.5906701708278581,0.5461725394896719,0.42772667542706966
"[0, 26, 1, 0, 2, 1, 0, 0, 1, 4, 0, 0, 2, 0, 0, 0, 6, 43, 4, 0, 8, 1, 2, 0, 2, 1, 0, 0, 0, 10, 1, 0, 4, 478, 0, 0, 0, 11, 1, 0, 7, 0, 0, 0, 5, 0, 0, 0]",0.6925790727138519,0.5,0.4835680751173709,0.4060446780551905,0.44142857142857145,0.5663600525624178
"[1, 4, 0, 0, 4, 250, 0, 0, 6, 26, 4, 0, 1, 26, 0, 0, 2, 1, 0, 0, 7, 0, 0, 0, 8, 1, 2, 0, 3, 0, 0, 0, 7, 0, 0, 0, 1, 4, 0, 0, 7, 0, 0, 0, 1, 4, 0, 0]",0.6949765264987946,0.5,0.5148936170212766,0.5565045992115637,0.534891064098516,0.4756898817345598
"[7, 0, 0, 0, 0, 4, 1, 0, 8, 2, 2, 0, 4, 441, 0, 0, 6, 47, 2, 0, 1, 47, 0, 0, 8, 3, 2, 0, 4, 496, 0, 0, 7, 0, 0, 0, 7, 0, 0, 0, 7, 0, 0, 0, 8, 2, 1, 0]",0.6931680142879486,0.5,0.49342969776609724,0.49342969776609724,0.49342969776609724,0.49342969776609724
"[7, 0, 0, 0, 2, 0, 0, 0, 0, 10, 1, 0, 3, 0, 0, 0, 2, 1, 0, 0, 3, 0, 0, 0, 7, 0, 0, 0, 6, 10, 4, 0, 7, 0, 0, 0, 1, 4, 0, 0, 7, 0, 0, 0, 0, 9, 0, 0]",0.6929034262895584,0.5,0.4937210839391937,0.4908015768725361,0.49225700164744646,0.4967148488830486
"[6, 4, 4, 0, 3, 0, 0, 0, 3, 0, 0, 0, 8, 3, 2, 0, 2, 0, 0, 0, 2, 0, 0, 0, 3, 0, 0, 0, 0, 6, 1, 0, 8, 1, 1, 0, 0, 4, 0, 0, 4, 334, 0, 0, 0, 8, 0, 0]",0.6930888026952744,0.5,0.5039503386004515,0.5867279894875165,0.5421979356405586,0.42247043363994746
"[8, 0, 2, 0, 0, 5, 1, 0, 6, 53, 4, 0, 7, 0, 0, 0, 2, 1, 0, 0, 7, 0, 0, 0, 7, 0, 0, 0, 3, 0, 0, 0, 7, 0, 0, 0, 2, 0, 0, 0, 0, 28, 1, 0, 7, 0, 0, 0]",0.6931219160556793,0.5,0.5383806519453207,0.3363994743758213,0.4140719773554387,0.7115637319316689
"[2, 0, 0, 0, 3, 0, 0, 0, 3, 0, 0, 0, 2, 1, 0, 0, 8, 2, 1, 0, 2, 1, 0, 0, 4, 46, 0, 0, 7, 0, 0, 0, 0, 25, 1, 0, 8, 1, 1, 0, 3, 0, 0, 0, 7, 0, 0, 0]",0.6937693893909455,0.5,0.5039018952062431,0.5939553219448095,0.5452352231604343,0.4152431011826544
"[7, 0, 0, 0, 3, 0, 0, 0, 7, 0, 0, 0, 0, 6, 0, 0, 1, 6, 0, 0, 5, 0, 0, 0, 7, 0, 0, 0, 4, 475, 0, 0, 8, 1, 2, 0, 3, 0, 0, 0, 3, 0, 0, 0, 4, 87, 0, 0]",0.6931203991174698,0.5,0.5067567567567568,0.5420499342969777,0.5238095238095238,0.4724047306176084
"[3, 0, 0, 0, 0, 27, 0, 0, 7, 0, 0, 0, 0, 21, 1, 0, 0, 16, 0, 0, 3, 0, 0, 0, 8, 1, 2, 0, 7, 0, 0, 0, 4, 289, 0, 0, 7, 0, 0, 0, 7, 0, 0, 0, 3, 0, 0, 0]",0.6931182295084,0.5,0.49868593955321944,0.49868593955321944,0.49868593955321944,0.49868593955321944
"[4, 140, 0, 0, 3, 0, 0, 0, 7, 0, 0, 0, 6, 51, 3, 0, 4, 115, 0, 0, 3, 0, 0, 0, 2, 0, 0, 0, 7, 0, 0, 0, 7, 0, 0, 0, 8, 2, 2, 0, 1, 4, 0, 0, 0, 5, 1, 0]",0.693546375632286,0.5,0.49912739965095987,0.5637319316688568,0.5294662141314409,0.4342969776609724
"[1, 4, 0, 0, 2, 1, 0, 0, 2, 0, 0, 0, 7, 0, 0, 0, 6, 9, 4, 0, 8, 1, 2, 0, 1, 4, 0, 0, 1, 4, 0, 0, 7, 0, 0, 0, 0, 18, 1, 0, 7, 0, 0, 0, 7, 0, 0, 0]",0.6930617839097977,0.5,0.5070588235294118,0.5663600525624178,0.5350713842333954,0.44940867279894875
"[0, 14, 0, 0, 8, 1, 2, 0, 4, 311, 0, 0, 7, 0, 0, 0, 7, 0, 0, 0, 0, 27, 1, 0, 6, 55, 4, 0, 8, 3, 1, 0, 1, 4, 0, 0, 1, 4, 0, 0, 4, 348, 0, 0, 1, 4, 0, 0]",0.6938161581754685,0.5,0.506,0.3324572930354796,0.401268834258525,0.6754270696452037
"[0, 12, 0, 0, 8, 1, 1, 0, 0, 7, 1, 0, 4, 203, 0, 0, 4, 317, 0, 0, 8, 2, 2, 0, 3, 0, 0, 0, 0, 31, 1, 0, 7, 0, 0, 0, 7, 0, 0, 0, 0, 18, 1, 0, 5, 0, 0, 0]",0.6931600064039231,0.5,0.49653808110781406,0.6596583442838371,0.5665914221218962,0.3311432325886991
"[6, 9, 4, 0, 7, 0, 0, 0, 8, 1, 1, 0, 7, 0, 0, 0, 7, 0, 0, 0, 5, 0, 0, 0, 4, 63, 0, 0, 7, 0, 0, 0, 7, 0, 0, 0, 7, 0, 0, 0, 7, 0, 0, 0, 7, 0, 0, 0]",0.6941424965858459,0.5,0.4972510690287111,0.5348226018396847,0.5153529597974043,0.4592641261498029
"[0, 22, 1, 0, 7, 0, 0, 0, 2, 0, 0, 0, 2, 0, 0, 0, 3, 0, 0, 0, 0, 19, 1, 0, 8, 1, 1, 0, 3, 0, 0, 0, 3, 0, 0, 0, 1, 4, 0, 0, 1, 4, 0, 0, 8, 2, 1, 0]",0.6965275645256043,0.5,0.48742138364779874,0.4073587385019711,0.44380816034359344,0.5716162943495401
"[1, 4, 0, 0, 8, 1, 2, 0, 8, 2, 1, 0, 1, 4, 0, 0, 7, 0, 0, 0, 6, 58, 3, 0, 0, 5, 0, 0, 8, 2, 1, 0, 3, 0, 0, 0, 2, 1, 0, 0, 8, 3, 2, 0, 0, 25, 1, 0]",0.6931177824735641,0.5,0.5070967741935484,0.5164257555847569,0.51171875,0.4980289093298292
"[0, 9, 1, 0, 6, 12, 4, 0, 8, 2, 2, 0, 2, 0, 0, 0, 7, 0, 0, 0, 2, 1, 0, 0, 4, 329, 0, 0, 7, 0, 0, 0, 4, 86, 0, 0, 2, 1, 0, 0, 4, 42, 0, 0, 7, 0, 0, 0]",0.6932560116052627,0.5,0.4858490566037736,0.4060446780551905,0.4423765211166786,0.5703022339027596
"[7, 0, 0, 0, 8, 1, 1, 0, 7, 0, 0, 0, 6, 47, 4, 0, 8, 3, 1, 0, 4, 291, 0, 0, 3, 0, 0, 0, 7, 0, 0, 0, 0, 14, 0, 0, 4, 261, 0, 0, 4, 402, 0, 0, 7, 0, 0, 0]",0.6931722819805145,0.5,0.5107778819119025,0.7161629434954008,0.5962800875273523,0.3140604467805519
"[7, 0, 0, 0, 6, 4, 3, 0, 3, 0, 0, 0, 2, 0, 0, 0, 7, 0, 0, 0, 8, 3, 1, 0, 7, 0, 0, 0, 4, 54, 0, 0, 8, 2, 2, 0, 7, 0, 0, 0, 1, 4, 0, 0, 8, 2, 1, 0]",0.6933494240045548,0.5,0.49246575342465754,0.4724047306176084,0.48222669349429914,0.5131406044678055
"[7, 0, 0, 0, 6, 15, 4, 0, 7, 0, 0, 0, 1, 4, 0, 0, 1, 4, 0, 0, 7, 0, 0, 0, 7, 0, 0, 0, 7, 0, 0, 0, 3, 0, 0, 0, 3, 0, 0, 0, 1, 4, 0, 0, 5, 0, 0, 0]",0.696872079372406,0.5,0.4983096686950642,0.48423127463863336,0.4911696101299567,0.5124835742444153
"[7, 0, 0, 0, 2, 1, 0, 0, 7, 0, 0, 0, 0, 18, 1, 0, 0, 27, 1, 0, 3, 0, 0, 0, 2, 1, 0, 0, 7, 0, 0, 0, 7, 0, 0, 0, 7, 0, 0, 0, 8, 1, 1, 0, 0, 10, 0, 0]",0.692754727602005,0.5,0.5056065239551478,0.6517739816031537,0.5694603903559128,0.36268068331143233
"[6, 59, 4, 0, 7, 0, 0, 0, 7, 0, 0, 0, 7, 0, 0, 0, 7, 0, 0, 0, 7, 0, 0, 0, 7, 0, 0, 0, 7, 0, 0, 0, 1, 4, 0, 0, 8, 1, 1, 0, 1, 4, 0, 0, 5, 0, 0, 0]",0.7003123879432678,0.5,0.4873501997336884,0.480946123521682,0.48412698412698413,0.4940867279894875
"[2, 0, 0, 0, 6, 19, 4, 0, 1, 19, 0, 0, 0, 30, 1, 0, 2, 0, 0, 0, 4, 464, 0, 0, 7, 0, 0, 0, 8, 2, 1, 0, 7, 0, 0, 0, 3, 0, 0, 0, 7, 0, 0, 0, 1, 4, 0, 0]",0.6937031477689743,0.5,0.4909399773499434,0.5696452036793692,0.5273722627737226,0.40932982917214195
"[8, 0, 2, 0, 6, 34, 4, 0, 7, 0, 0, 0, 1, 4, 0, 0, 7, 0, 0, 0, 8, 1, 2, 0, 3, 0, 0, 0, 1, 4, 0, 0, 7, 0, 0, 0, 2, 1, 0, 0, 7, 0, 0, 0, 7, 0, 0, 0]",0.6966147422790527,0.5,0.48132780082987553,0.45729303547963207,0.46900269541778977,0.507227332457293
"[0, 11, 0, 0, 7, 0, 0, 0, 0, 13, 0, 0, 7, 0, 0, 0, 1, 4, 0, 0, 1, 4, 0, 0, 4, 123, 0, 0, 3, 0, 0, 0, 7, 0, 0, 0, 8, 2, 2, 0, 8, 2, 2, 0, 2, 1, 0, 0]",0.6949298769235611,0.5,0.480705097665555,0.6629434954007885,0.5573046119856393,0.28383705650459923
"[0, 30, 0, 0, 7, 0, 0, 0, 4, 437, 0, 0, 2, 1, 0, 0, 4, 289, 0, 0, 6, 11, 4, 0, 7, 0, 0, 0, 0, 20, 0, 0, 7, 0, 0, 0, 0, 9, 0, 0, 7, 0, 0, 0, 7, 0, 0, 0]",0.6931714713573456,0.5,0.5006570302233903,0.5006570302233903,0.5006570302233903,0.5006570302233903
"[0, 12, 0, 0, 7, 0, 0, 0, 6, 61, 2, 0, 3, 0, 0, 0, 8, 3, 1, 0, 8, 3, 1, 0, 7, 0, 0, 0, 1, 4, 0, 0, 8, 2, 1, 0, 8, 2, 1, 0, 7, 0, 0, 0, 7, 0, 0, 0]",0.6962508678436279,0.5,0.5123647604327666,0.435611038107753,0.4708806818181818,0.5854139290407359
"[8, 0, 1, 0, 7, 0, 0, 0, 8, 1, 2, 0, 3, 0, 0, 0, 6, 47, 2, 0, 1, 47, 0, 0, 4, 450, 0, 0, 2, 1, 0, 0, 0, 20, 1, 0, 7, 0, 0, 0, 7, 0, 0, 0, 7, 0, 0, 0]",0.6934013277292251,0.5,0.48348745046235136,0.480946123521682,0.48221343873517786,0.48620236530880423
"[8, 0, 1, 0, 6, 43, 4, 0, 7, 0, 0, 0, 1, 4, 0, 0, 7, 0, 0, 0, 8, 3, 2, 0, 7, 0, 0, 0, 3, 0, 0, 0, 3, 0, 0, 0, 1, 4, 0, 0, 1, 4, 0, 0, 7, 0, 0, 0]",0.6960783123970031,0.5,0.5036363636363637,0.5459921156373193,0.5239596469104666,0.461892247043364
"[2, 0, 0, 0, 3, 0, 0, 0, 3, 0, 0, 0, 1, 4, 0, 0, 0, 28, 0, 0, 3, 0, 0, 0, 3, 0, 0, 0, 1, 4, 0, 0, 8, 2, 2, 0, 1, 4, 0, 0, 7, 0, 0, 0, 3, 0, 0, 0]",0.6987465381622314,0.5,0.5026737967914439,0.6793692509855453,0.5778150321318805,0.3278580814717477
"[4, 310, 0, 0, 7, 0, 0, 0, 3, 0, 0, 0, 3, 0, 0, 0, 3, 0, 0, 0, 0, 18, 0, 0, 8, 1, 2, 0, 7, 0, 0, 0, 0, 17, 0, 0, 8, 3, 2, 0, 4, 305, 0, 0, 5, 0, 0, 0]",0.6932824224233627,0.5,0.5007861635220126,0.4185282522996058,0.4559770937723694,0.5827858081471747
"[7, 0, 0, 0, 0, 8, 0, 0, 3, 0, 0, 0, 7, 0, 0, 0, 5, 0, 0, 0, 4, 63, 0, 0, 7, 0, 0, 0, 7, 0, 0, 0, 4, 10, 0, 0, 7, 0, 0, 0, 4, 145, 0, 0, 7, 0, 0, 0]",0.6938365966081619,0.5,0.4931506849315068,0.3311432325886991,0.39622641509433965,0.6596583442838371
"[0, 14, 0, 0, 1, 14, 0, 0, 1, 4, 0, 0, 3, 0, 0, 0, 2, 0, 0, 0, 6, 56, 4, 0, 1, 56, 0, 0, 7, 0, 0, 0, 7, 0, 0, 0, 7, 0, 0, 0, 7, 0, 0, 0, 5, 0, 0, 0]",0.7002943962812423,0.5,0.49209932279909707,0.5729303547963206,0.5294474802671524,0.40867279894875164
"[0, 18, 1, 0, 7, 0, 0, 0, 0, 28, 0, 0, 4, 320, 0, 0, 1, 4, 0, 0, 1, 4, 0, 0, 1, 4, 0, 0, 4, 373, 0, 0, 1, 4, 0, 0, 1, 4, 0, 0, 8, 3, 1, 0, 7, 0, 0, 0]",0.6931984394788742,0.5,0.5016,0.411957950065703,0.4523809523809524,0.5906701708278581
"[3, 0, 0, 0, 7, 0, 0, 0, 6, 28, 4, 0, 8, 2, 2, 0, 0, 19, 0, 0, 8, 2, 2, 0, 7, 0, 0, 0, 8, 2, 2, 0, 8, 3, 1, 0, 7, 0, 0, 0, 1, 4, 0, 0, 0, 23, 1, 0]",0.692917886376381,0.5,0.4970845481049563,0.4480946123521682,0.47131997235659984,0.5466491458607096
"[2, 0, 0, 0, 2, 0, 0, 0, 7, 0, 0, 0, 6, 15, 3, 0, 7, 0, 0, 0, 1, 4, 0, 0, 3, 0, 0, 0, 8, 2, 2, 0, 7, 0, 0, 0, 3, 0, 0, 0, 7, 0, 0, 0, 2, 1, 0, 0]",0.69661725461483,0.5,0.4885916601101495,0.4080157687253614,0.4446831364124597,0.5729303547963206
"[7, 0, 0, 0, 3, 0, 0, 0, 2, 0, 0, 0, 4, 44, 0, 0, 2, 1, 0, 0, 1, 4, 0, 0, 1, 4, 0, 0, 7, 0, 0, 0, 6, 13, 2, 0, 8, 3, 1, 0, 3, 0, 0, 0, 7, 0, 0, 0]",0.6942407488822937,0.5,0.4933862433862434,0.49014454664914586,0.4917600527356625,0.4967148488830486
"[1, 4, 0, 0, 7, 0, 0, 0, 0, 30, 1, 0, 0, 16, 1, 0, 1, 16, 0, 0, 6, 35, 2, 0, 7, 0, 0, 0, 7, 0, 0, 0, 7, 0, 0, 0, 7, 0, 0, 0, 4, 153, 0, 0, 0, 11, 1, 0]",0.6896402657032012,0.5,0.499383477188656,0.5321944809461235,0.5152671755725191,0.4664914586070959
"[6, 51, 3, 0, 4, 127, 0, 0, 8, 2, 1, 0, 2, 0, 0, 0, 2, 1, 0, 0, 7, 0, 0, 0, 4, 380, 0, 0, 7, 0, 0, 0, 4, 477, 0, 0, 8, 1, 1, 0, 0, 22, 1, 0, 8, 2, 2, 0]",0.6930601000785828,0.5,0.5097575399172087,0.5663600525624178,0.5365701836290072,0.45532194480946125
"[8, 0, 2, 0, 2, 0, 0, 0, 2, 0, 0, 0, 6, 45, 4, 0, 4, 193, 0, 0, 4, 403, 0, 0, 7, 0, 0, 0, 3, 0, 0, 0, 3, 0, 0, 0, 7, 0, 0, 0, 7, 0, 0, 0, 4, 268, 0, 0]",0.6935013115406037,0.5,0.49732977303070763,0.4894875164257556,0.49337748344370863,0.5052562417871223
