Encoded Architecture,Loss,Accuracy,Precision,Recall,F1,Specificity
"[1, 4, 0, 0, 7, 0, 0, 0, 6, 12, 2, 3, 8, 2, 1, 0, 3, 0, 0, 0, 8, 3, 1, 0, 2, 1, 0, 0, 2, 0, 0, 0, 8, 2, 2, 0, 2, 1, 0, 0, 3, 0, 0, 0, 0, 20, 0, 0]",0.6890732402151282,0.5,0.5049751243781094,0.533508541392904,0.518849840255591,0.47700394218134035
"[8, 0, 1, 0, 7, 0, 0, 0, 8, 1, 2, 0, 7, 0, 0, 0, 7, 0, 0, 0, 3, 0, 0, 0, 2, 1, 0, 0, 5, 0, 0, 0, 7, 0, 0, 0, 7, 0, 0, 0, 4, 123, 1, 0, 7, 0, 0, 0]",0.6931864023208618,0.5,0.4972677595628415,0.4185282522996058,0.45451302176239744,0.5768725361366623
"[6, 56, 4, 0, 7, 0, 0, 0, 3, 0, 0, 0, 3, 0, 0, 0, 8, 1, 1, 0, 2, 0, 0, 0, 3, 0, 0, 0, 2, 1, 0, 0, 3, 0, 0, 0, 0, 22, 1, 0, 7, 0, 0, 0, 5, 0, 0, 0]",0.6931689977645874,0.5,0.49343339587242024,0.5183968462549278,0.5056071771867992,0.46780551905387646
"[8, 0, 2, 0, 6, 28, 4, 3, 1, 28, 0, 0, 4, 159, 3, 0, 7, 0, 0, 0, 7, 0, 0, 0, 7, 0, 0, 0, 1, 4, 0, 0, 7, 0, 0, 0, 7, 0, 0, 0, 7, 0, 0, 0, 7, 0, 0, 0]",0.6947440857237036,0.5,0.498672331386086,0.6169513797634691,0.5515418502202644,0.3797634691195795
"[8, 0, 1, 0, 7, 0, 0, 0, 6, 4, 4, 3, 7, 0, 0, 0, 8, 3, 2, 0, 4, 177, 0, 0, 4, 335, 1, 0, 7, 0, 0, 0, 7, 0, 0, 0, 4, 381, 0, 0, 7, 0, 0, 0, 7, 0, 0, 0]",0.6929710805416107,0.5,0.49730700179533216,0.5459921156373193,0.520513623551519,0.4480946123521682
"[4, 116, 3, 0, 7, 0, 0, 0, 7, 0, 0, 0, 7, 0, 0, 0, 7, 0, 0, 0, 7, 0, 0, 0, 4, 439, 3, 0, 7, 0, 0, 0, 1, 4, 0, 0, 7, 0, 0, 0, 1, 4, 0, 0, 7, 0, 0, 0]",0.6936843584884297,0.5,0.4967532467532468,0.5026281208935611,0.4996734160679295,0.4908015768725361
"[7, 0, 0, 0, 8, 1, 1, 0, 1, 4, 0, 0, 0, 21, 1, 3, 1, 21, 0, 0, 7, 0, 0, 0, 8, 1, 2, 0, 5, 0, 0, 0, 4, 434, 0, 0, 7, 0, 0, 0, 7, 0, 0, 0, 1, 4, 0, 0]",0.6960159350525249,0.5,0.5032774945375091,0.4540078843626807,0.4773747841105354,0.5519053876478318
"[4, 39, 1, 0, 7, 0, 0, 0, 7, 0, 0, 0, 1, 4, 0, 0, 7, 0, 0, 0, 7, 0, 0, 0, 4, 210, 3, 0, 1, 4, 0, 0, 7, 0, 0, 0, 7, 0, 0, 0, 7, 0, 0, 0, 7, 0, 0, 0]",0.6936216110532935,0.5,0.5,0.45466491458607095,0.47625602202339984,0.545335085413929
"[7, 0, 0, 0, 3, 0, 0, 0, 7, 0, 0, 0, 7, 0, 0, 0, 8, 3, 2, 0, 3, 0, 0, 0, 0, 8, 0, 3, 7, 0, 0, 0, 1, 4, 0, 0, 5, 0, 0, 0, 4, 69, 3, 0, 7, 0, 0, 0]",0.6936779889193448,0.5,0.4961990324809952,0.47174770039421815,0.48366453351296734,0.5210249671484888
"[6, 18, 3, 3, 1, 18, 0, 0, 3, 0, 0, 0, 3, 0, 0, 0, 2, 0, 0, 0, 1, 4, 0, 0, 3, 0, 0, 0, 0, 21, 1, 0, 4, 436, 0, 0, 7, 0, 0, 0, 7, 0, 0, 0, 4, 489, 0, 0]",0.6934587251056324,0.5,0.5028248587570622,0.46780551905387646,0.4846834581347856,0.5374507227332457
"[4, 25, 1, 0, 7, 0, 0, 0, 7, 0, 0, 0, 7, 0, 0, 0, 7, 0, 0, 0, 7, 0, 0, 0, 1, 4, 0, 0, 1, 4, 0, 0, 7, 0, 0, 0, 1, 4, 0, 0, 7, 0, 0, 0, 4, 292, 0, 0]",0.6935771216045726,0.5,0.5118733509234829,0.5098554533508541,0.510862409479921,0.5137976346911958
"[6, 51, 1, 0, 3, 0, 0, 0, 0, 24, 1, 0, 8, 1, 1, 0, 4, 304, 0, 0, 1, 4, 0, 0, 7, 0, 0, 0, 1, 4, 0, 0, 7, 0, 0, 0, 1, 4, 0, 0, 7, 0, 0, 0, 7, 0, 0, 0]",0.6942567554387179,0.5,0.5066747572815534,0.5486202365308804,0.526813880126183,0.46583442838370565
"[3, 0, 0, 0, 8, 1, 1, 0, 7, 0, 0, 0, 2, 0, 0, 0, 2, 0, 0, 0, 3, 0, 0, 0, 4, 403, 3, 0, 7, 0, 0, 0, 7, 0, 0, 0, 4, 362, 3, 0, 7, 0, 0, 0, 7, 0, 0, 0]",0.6931944597851146,0.5,0.511986301369863,0.392904073587385,0.4446096654275093,0.6254927726675427
"[6, 40, 4, 0, 0, 17, 0, 1, 4, 242, 0, 0, 4, 451, 1, 0, 7, 0, 0, 0, 7, 0, 0, 0, 7, 0, 0, 0, 7, 0, 0, 0, 7, 0, 0, 0, 7, 0, 0, 0, 7, 0, 0, 0, 7, 0, 0, 0]",0.6932360936294902,0.5,0.4984746796827334,0.5367936925098554,0.5169250237266688,0.45992115637319314
"[3, 0, 0, 0, 4, 110, 1, 0, 7, 0, 0, 0, 7, 0, 0, 0, 7, 0, 0, 0, 1, 4, 0, 0, 7, 0, 0, 0, 7, 0, 0, 0, 4, 432, 3, 0, 7, 0, 0, 0, 1, 4, 0, 0, 1, 4, 0, 0]",0.6931915310296145,0.5,0.49115357395612175,0.4559789750328515,0.4729131175468484,0.5275952693823915
"[3, 0, 0, 0, 4, 328, 3, 0, 7, 0, 0, 0, 1, 4, 0, 0, 7, 0, 0, 0, 7, 0, 0, 0, 7, 0, 0, 0, 7, 0, 0, 0, 4, 444, 1, 0, 7, 0, 0, 0, 7, 0, 0, 0, 7, 0, 0, 0]",0.6932659989053552,0.5,0.503751875937969,0.6616294349540078,0.5719965918773076,0.34822601839684625
"[1, 4, 0, 0, 2, 1, 0, 0, 6, 20, 4, 3, 0, 4, 1, 1, 4, 334, 1, 0, 7, 0, 0, 0, 1, 4, 0, 0, 4, 383, 3, 0, 7, 0, 0, 0, 7, 0, 0, 0, 7, 0, 0, 0, 7, 0, 0, 0]",0.6932014660401777,0.5,0.5146496815286624,0.5308804204993429,0.5226390685640362,0.49934296977660975
"[7, 0, 0, 0, 5, 0, 0, 0, 4, 471, 0, 0, 1, 4, 0, 0, 4, 98, 3, 0, 7, 0, 0, 0, 7, 0, 0, 0, 7, 0, 0, 0, 7, 0, 0, 0, 7, 0, 0, 0, 7, 0, 0, 0, 7, 0, 0, 0]",0.6933800090443004,0.5,0.5169230769230769,0.5519053876478318,0.5338417540514776,0.48423127463863336
"[3, 0, 0, 0, 7, 0, 0, 0, 2, 1, 0, 0, 0, 24, 1, 0, 8, 3, 1, 0, 7, 0, 0, 0, 5, 0, 0, 0, 7, 0, 0, 0, 1, 4, 0, 0, 7, 0, 0, 0, 7, 0, 0, 0, 7, 0, 0, 0]",0.6992722695524042,0.5,0.4909090909090909,0.47897503285151116,0.4848686398403725,0.5032851511169514
"[6, 28, 4, 1, 7, 0, 0, 0, 8, 2, 1, 0, 2, 0, 0, 0, 3, 0, 0, 0, 7, 0, 0, 0, 8, 2, 2, 0, 0, 25, 0, 0, 8, 1, 1, 0, 2, 1, 0, 0, 3, 0, 0, 0, 4, 176, 3, 0]",0.6931876892393286,0.5,0.513978494623656,0.47109067017082784,0.49160095989029823,0.5545335085413929
"[4, 217, 3, 0, 7, 0, 0, 0, 7, 0, 0, 0, 7, 0, 0, 0, 7, 0, 0, 0, 7, 0, 0, 0, 7, 0, 0, 0, 7, 0, 0, 0, 1, 4, 0, 0, 7, 0, 0, 0, 7, 0, 0, 0, 7, 0, 0, 0]",0.6932700872421265,0.5,0.5010570824524313,0.4671484888304862,0.48350901054063244,0.5348226018396847
"[1, 4, 0, 0, 1, 4, 0, 0, 7, 0, 0, 0, 0, 24, 0, 3, 7, 0, 0, 0, 4, 511, 0, 0, 1, 4, 0, 0, 7, 0, 0, 0, 7, 0, 0, 0, 7, 0, 0, 0, 7, 0, 0, 0, 4, 286, 1, 0]",0.6934258287603204,0.5,0.49680715197956576,0.5111695137976346,0.5038860103626943,0.48226018396846254
"[2, 0, 0, 0, 4, 124, 1, 0, 7, 0, 0, 0, 1, 4, 0, 0, 7, 0, 0, 0, 7, 0, 0, 0, 7, 0, 0, 0, 7, 0, 0, 0, 7, 0, 0, 0, 7, 0, 0, 0, 7, 0, 0, 0, 7, 0, 0, 0]",0.6933086324821819,0.5,0.49516908212560384,0.4040735873850197,0.44500723589001445,0.588042049934297
"[3, 0, 0, 0, 4, 311, 0, 0, 4, 464, 3, 0, 7, 0, 0, 0, 7, 0, 0, 0, 4, 88, 3, 0, 7, 0, 0, 0, 7, 0, 0, 0, 1, 4, 0, 0, 7, 0, 0, 0, 7, 0, 0, 0, 7, 0, 0, 0]",0.6934833716262471,0.5,0.4953083109919571,0.4855453350854139,0.49037823490378235,0.5052562417871223
"[4, 142, 0, 0, 1, 4, 0, 0, 7, 0, 0, 0, 7, 0, 0, 0, 7, 0, 0, 0, 1, 4, 0, 0, 7, 0, 0, 0, 7, 0, 0, 0, 7, 0, 0, 0, 7, 0, 0, 0, 7, 0, 0, 0, 7, 0, 0, 0]",0.6934895434162833,0.5,0.5251436781609196,0.4802890932982917,0.5017158544955388,0.5657030223390276
"[2, 1, 0, 0, 7, 0, 0, 0, 0, 18, 0, 1, 6, 62, 2, 1, 2, 1, 0, 0, 2, 0, 0, 0, 0, 9, 0, 1, 7, 0, 0, 0, 3, 0, 0, 0, 2, 1, 0, 0, 3, 0, 0, 0, 3, 0, 0, 0]",0.6931426281278784,0.5,0.5194312796208531,0.3600525624178712,0.42530073729142415,0.6668856767411301
"[8, 0, 1, 0, 2, 0, 0, 0, 2, 1, 0, 0, 8, 3, 2, 0, 0, 25, 1, 3, 2, 0, 0, 0, 0, 11, 0, 3, 7, 0, 0, 0, 8, 3, 1, 0, 1, 4, 0, 0, 6, 60, 4, 1, 7, 0, 0, 0]",0.6935339678417553,0.5,0.5083573487031701,0.5795006570302234,0.5416027018728892,0.4395532194480946
"[2, 1, 0, 0, 2, 0, 0, 0, 1, 4, 0, 0, 3, 0, 0, 0, 0, 6, 0, 3, 1, 6, 0, 0, 4, 490, 3, 0, 7, 0, 0, 0, 1, 4, 0, 0, 7, 0, 0, 0, 7, 0, 0, 0, 7, 0, 0, 0]",0.6933772293004122,0.5,0.5017751479289941,0.557161629434954,0.5280199252801993,0.4467805519053876
"[2, 0, 0, 0, 3, 0, 0, 0, 3, 0, 0, 0, 8, 1, 1, 0, 7, 0, 0, 0, 7, 0, 0, 0, 1, 4, 0, 0, 3, 0, 0, 0, 8, 3, 2, 0, 7, 0, 0, 0, 6, 56, 4, 3, 1, 56, 0, 0]",0.6981605562296781,0.5,0.5125080179602309,0.5249671484888305,0.5186627718273288,0.5006570302233903
"[3, 0, 0, 0, 3, 0, 0, 0, 7, 0, 0, 0, 2, 1, 0, 0, 8, 1, 1, 0, 0, 9, 1, 1, 7, 0, 0, 0, 7, 0, 0, 0, 3, 0, 0, 0, 8, 3, 2, 0, 2, 0, 0, 0, 7, 0, 0, 0]",0.6931277703155171,0.5,0.4803921568627451,0.5473061760840998,0.5116707616707616,0.4080157687253614
"[7, 0, 0, 0, 7, 0, 0, 0, 8, 1, 2, 0, 1, 4, 0, 0, 6, 45, 3, 3, 7, 0, 0, 0, 7, 0, 0, 0, 1, 4, 0, 0, 2, 0, 0, 0, 2, 1, 0, 0, 1, 4, 0, 0, 8, 3, 1, 0]",0.6992159377444874,0.5,0.4863013698630137,0.5131406044678055,0.4993606138107417,0.4579500657030223
"[7, 0, 0, 0, 8, 1, 2, 0, 6, 4, 4, 0, 4, 314, 3, 0, 7, 0, 0, 0, 7, 0, 0, 0, 7, 0, 0, 0, 7, 0, 0, 0, 4, 67, 0, 0, 4, 159, 0, 0, 1, 4, 0, 0, 7, 0, 0, 0]",0.6932860477404161,0.5,0.49231843575418993,0.4632063074901445,0.47731888964116453,0.5223390275952694
"[7, 0, 0, 0, 6, 10, 1, 3, 2, 0, 0, 0, 8, 1, 1, 0, 7, 0, 0, 0, 7, 0, 0, 0, 1, 4, 0, 0, 1, 4, 0, 0, 7, 0, 0, 0, 3, 0, 0, 0, 8, 3, 1, 0, 1, 4, 0, 0]",0.6937074281952598,0.5,0.5092137592137592,0.5446780551905388,0.5263492063492063,0.47503285151116953
"[1, 4, 0, 0, 7, 0, 0, 0, 1, 4, 0, 0, 1, 4, 0, 0, 8, 2, 1, 0, 2, 1, 0, 0, 6, 4, 2, 3, 3, 0, 0, 0, 2, 0, 0, 0, 7, 0, 0, 0, 4, 419, 0, 0, 4, 189, 0, 0]",0.6931553266265176,0.5,0.48691418137553255,0.5256241787122208,0.5055292259083728,0.44612352168199737
"[0, 20, 1, 3, 6, 57, 3, 3, 8, 2, 2, 0, 2, 0, 0, 0, 1, 4, 0, 0, 1, 4, 0, 0, 0, 17, 0, 0, 7, 0, 0, 0, 1, 4, 0, 0, 4, 266, 3, 0, 7, 0, 0, 0, 7, 0, 0, 0]",0.694142219695178,0.5,0.5,0.5229960578186597,0.5112395632626846,0.47700394218134035
"[6, 12, 4, 3, 8, 1, 1, 0, 3, 0, 0, 0, 4, 262, 1, 0, 7, 0, 0, 0, 4, 403, 0, 0, 7, 0, 0, 0, 7, 0, 0, 0, 7, 0, 0, 0, 1, 4, 0, 0, 1, 4, 0, 0, 7, 0, 0, 0]",0.6932981664484198,0.5,0.5042405551272167,0.4296977660972405,0.46399432422844983,0.5775295663600526
"[7, 0, 0, 0, 3, 0, 0, 0, 0, 7, 1, 3, 3, 0, 0, 0, 1, 4, 0, 0, 7, 0, 0, 0, 0, 9, 1, 3, 1, 9, 0, 0, 7, 0, 0, 0, 5, 0, 0, 0, 7, 0, 0, 0, 7, 0, 0, 0]",0.6935773220929232,0.5,0.4950263311878291,0.5558475689881734,0.5236768802228412,0.43298291721419185
"[2, 1, 0, 0, 0, 29, 1, 1, 2, 1, 0, 0, 6, 56, 2, 1, 3, 0, 0, 0, 0, 31, 1, 0, 4, 422, 1, 0, 4, 379, 3, 0, 7, 0, 0, 0, 7, 0, 0, 0, 4, 162, 0, 0, 7, 0, 0, 0]",0.6932840672406283,0.5,0.48484848484848486,0.4940867279894875,0.4894240156199154,0.47503285151116953
"[2, 1, 0, 0, 5, 0, 0, 0, 7, 0, 0, 0, 1, 4, 0, 0, 7, 0, 0, 0, 4, 67, 0, 0, 7, 0, 0, 0, 7, 0, 0, 0, 7, 0, 0, 0, 7, 0, 0, 0, 7, 0, 0, 0, 7, 0, 0, 0]",0.6936249570413069,0.5,0.5031055900621118,0.47897503285151116,0.49074385728710873,0.5269382391590013
"[6, 4, 4, 0, 7, 0, 0, 0, 3, 0, 0, 0, 4, 237, 3, 0, 7, 0, 0, 0, 7, 0, 0, 0, 7, 0, 0, 0, 7, 0, 0, 0, 7, 0, 0, 0, 7, 0, 0, 0, 7, 0, 0, 0, 7, 0, 0, 0]",0.693422095342116,0.5,0.5030843043180261,0.48226018396846254,0.4924521972492452,0.5236530880420499
"[4, 506, 0, 0, 7, 0, 0, 0, 7, 0, 0, 0, 7, 0, 0, 0, 1, 4, 0, 0, 7, 0, 0, 0, 7, 0, 0, 0, 4, 477, 1, 0, 7, 0, 0, 0, 7, 0, 0, 0, 7, 0, 0, 0, 7, 0, 0, 0]",0.6932561207901348,0.5,0.5180348258706468,0.5473061760840998,0.5322683706070288,0.4908015768725361
"[2, 0, 0, 0, 6, 13, 1, 3, 5, 0, 0, 0, 4, 284, 0, 0, 1, 4, 0, 0, 7, 0, 0, 0, 7, 0, 0, 0, 7, 0, 0, 0, 7, 0, 0, 0, 1, 4, 0, 0, 7, 0, 0, 0, 4, 413, 0, 0]",0.6935579207810488,0.5,0.4993932038834951,0.5407358738501971,0.5192429022082019,0.4579500657030223
"[8, 0, 2, 0, 0, 22, 1, 3, 7, 0, 0, 0, 8, 1, 2, 0, 0, 30, 1, 3, 3, 0, 0, 0, 7, 0, 0, 0, 3, 0, 0, 0, 7, 0, 0, 0, 8, 3, 2, 0, 7, 0, 0, 0, 7, 0, 0, 0]",0.6930903223427859,0.5,0.5034770514603616,0.4756898817345598,0.4891891891891892,0.5308804204993429
"[7, 0, 0, 0, 8, 1, 1, 0, 8, 2, 1, 0, 2, 1, 0, 0, 2, 1, 0, 0, 0, 24, 1, 3, 7, 0, 0, 0, 1, 4, 0, 0, 7, 0, 0, 0, 4, 426, 1, 0, 4, 285, 0, 0, 7, 0, 0, 0]",0.6933132139119235,0.5,0.5153010858835143,0.34296977660972405,0.41183431952662725,0.6773981603153745
"[7, 0, 0, 0, 3, 0, 0, 0, 7, 0, 0, 0, 7, 0, 0, 0, 6, 60, 4, 3, 4, 211, 3, 0, 7, 0, 0, 0, 7, 0, 0, 0, 7, 0, 0, 0, 1, 4, 0, 0, 7, 0, 0, 0, 7, 0, 0, 0]",0.6962753263386813,0.5,0.5,0.4579500657030223,0.4780521262002744,0.5420499342969777
"[7, 0, 0, 0, 7, 0, 0, 0, 0, 22, 1, 1, 5, 0, 0, 0, 4, 16, 1, 0, 7, 0, 0, 0, 1, 4, 0, 0, 7, 0, 0, 0, 1, 4, 0, 0, 7, 0, 0, 0, 7, 0, 0, 0, 4, 235, 0, 0]",0.6941339156844399,0.5,0.5056031641397495,0.5039421813403416,0.5047713063507733,0.507227332457293
"[1, 4, 0, 0, 2, 1, 0, 0, 7, 0, 0, 0, 1, 4, 0, 0, 1, 4, 0, 0, 0, 10, 0, 3, 6, 56, 4, 1, 3, 0, 0, 0, 5, 0, 0, 0, 7, 0, 0, 0, 7, 0, 0, 0, 7, 0, 0, 0]",0.6935069723562761,0.5,0.5048268029528676,0.5840998685939554,0.5415778251599147,0.42706964520367935
"[8, 0, 2, 0, 7, 0, 0, 0, 7, 0, 0, 0, 2, 0, 0, 0, 0, 17, 0, 3, 8, 2, 1, 0, 6, 56, 4, 3, 8, 2, 1, 0, 3, 0, 0, 0, 2, 0, 0, 0, 3, 0, 0, 0, 8, 3, 1, 0]",0.6931901465762745,0.5,0.5087719298245614,0.4763469119579501,0.49202578893790294,0.5400788436268068
"[7, 0, 0, 0, 4, 430, 0, 0, 1, 4, 0, 0, 7, 0, 0, 0, 1, 4, 0, 0, 1, 4, 0, 0, 7, 0, 0, 0, 7, 0, 0, 0, 7, 0, 0, 0, 4, 449, 1, 0, 4, 447, 3, 0, 1, 4, 0, 0]",0.6932717372070659,0.5,0.5049900199600799,0.49868593955321944,0.5018181818181818,0.5111695137976346
"[7, 0, 0, 0, 0, 9, 1, 0, 4, 54, 1, 0, 7, 0, 0, 0, 7, 0, 0, 0, 7, 0, 0, 0, 7, 0, 0, 0, 4, 341, 0, 0, 7, 0, 0, 0, 4, 313, 1, 0, 7, 0, 0, 0, 7, 0, 0, 0]",0.6932119835506786,0.5,0.49469214437367304,0.4592641261498029,0.47632027257240206,0.5308804204993429
"[1, 4, 0, 0, 4, 302, 3, 0, 7, 0, 0, 0, 7, 0, 0, 0, 7, 0, 0, 0, 4, 435, 3, 0, 1, 4, 0, 0, 7, 0, 0, 0, 4, 254, 3, 0, 7, 0, 0, 0, 1, 4, 0, 0, 7, 0, 0, 0]",0.6932933818210255,0.5,0.48630553864881315,0.5249671484888305,0.5048973143759874,0.4454664914586071
"[8, 0, 2, 0, 7, 0, 0, 0, 7, 0, 0, 0, 0, 27, 1, 0, 1, 27, 0, 0, 4, 340, 0, 0, 7, 0, 0, 0, 4, 95, 0, 0, 7, 0, 0, 0, 7, 0, 0, 0, 7, 0, 0, 0, 1, 4, 0, 0]",0.6936063712293451,0.5,0.4849648112603967,0.4980289093298292,0.4914100486223663,0.47109067017082784
"[6, 36, 3, 1, 1, 36, 0, 0, 4, 58, 3, 0, 4, 429, 0, 0, 1, 4, 0, 0, 7, 0, 0, 0, 7, 0, 0, 0, 7, 0, 0, 0, 7, 0, 0, 0, 1, 4, 0, 0, 4, 3, 1, 0, 7, 0, 0, 0]",0.7003172365101901,0.5,0.512,0.4204993429697766,0.46176046176046176,0.5992115637319316
"[5, 0, 0, 0, 7, 0, 0, 0, 4, 474, 3, 0, 7, 0, 0, 0, 7, 0, 0, 0, 7, 0, 0, 0, 7, 0, 0, 0, 7, 0, 0, 0, 7, 0, 0, 0, 7, 0, 0, 0, 7, 0, 0, 0, 7, 0, 0, 0]",0.693343929269097,0.5,0.4918238993710692,0.5137976346911958,0.5025706940874036,0.469119579500657
"[8, 0, 2, 0, 2, 1, 0, 0, 0, 8, 1, 3, 7, 0, 0, 0, 1, 4, 0, 0, 7, 0, 0, 0, 3, 0, 0, 0, 4, 72, 1, 0, 7, 0, 0, 0, 7, 0, 0, 0, 7, 0, 0, 0, 7, 0, 0, 0]",0.6941338669170033,0.5,0.5014880952380952,0.442838370565046,0.4703419399860433,0.5597897503285151
"[7, 0, 0, 0, 7, 0, 0, 0, 6, 4, 1, 1, 4, 233, 0, 0, 7, 0, 0, 0, 4, 52, 3, 0, 4, 231, 0, 0, 7, 0, 0, 0, 7, 0, 0, 0, 1, 4, 0, 0, 7, 0, 0, 0, 7, 0, 0, 0]",0.6934370967474851,0.5,0.5051963048498845,0.5749014454664915,0.53779963122311,0.4369250985545335
"[8, 0, 1, 0, 4, 397, 0, 0, 1, 4, 0, 0, 7, 0, 0, 0, 4, 369, 1, 0, 7, 0, 0, 0, 7, 0, 0, 0, 1, 4, 0, 0, 4, 45, 3, 0, 7, 0, 0, 0, 7, 0, 0, 0, 7, 0, 0, 0]",0.694044137542898,0.5,0.49032738095238093,0.43298291721419185,0.45987438939288205,0.5499342969776609
"[6, 44, 4, 1, 8, 1, 1, 0, 7, 0, 0, 0, 1, 4, 0, 0, 4, 66, 3, 0, 7, 0, 0, 0, 1, 4, 0, 0, 7, 0, 0, 0, 1, 4, 0, 0, 7, 0, 0, 0, 7, 0, 0, 0, 1, 4, 0, 0]",0.6947971176017415,0.5,0.5028002489110143,0.5308804204993429,0.5164589325663151,0.47503285151116953
"[7, 0, 0, 0, 5, 0, 0, 0, 7, 0, 0, 0, 7, 0, 0, 0, 4, 204, 3, 0, 7, 0, 0, 0, 7, 0, 0, 0, 4, 457, 3, 0, 4, 162, 1, 0, 7, 0, 0, 0, 1, 4, 0, 0, 7, 0, 0, 0]",0.6932067275047302,0.5,0.4924942263279446,0.5604467805519053,0.5242778119237861,0.42247043363994746
"[7, 0, 0, 0, 1, 4, 0, 0, 2, 1, 0, 0, 4, 129, 1, 0, 7, 0, 0, 0, 7, 0, 0, 0, 7, 0, 0, 0, 1, 4, 0, 0, 7, 0, 0, 0, 7, 0, 0, 0, 7, 0, 0, 0, 7, 0, 0, 0]",0.6936038082296198,0.5,0.5006756756756757,0.4868593955321945,0.4936708860759494,0.514454664914586
"[2, 1, 0, 0, 2, 0, 0, 0, 7, 0, 0, 0, 5, 0, 0, 0, 7, 0, 0, 0, 8, 1, 2, 0, 7, 0, 0, 0, 4, 413, 1, 0, 4, 466, 1, 0, 7, 0, 0, 0, 7, 0, 0, 0, 7, 0, 0, 0]",0.6932154948061163,0.5,0.5003126954346466,0.5256241787122208,0.5126561999359179,0.47503285151116953
"[7, 0, 0, 0, 7, 0, 0, 0, 1, 4, 0, 0, 4, 267, 3, 0, 7, 0, 0, 0, 7, 0, 0, 0, 7, 0, 0, 0, 7, 0, 0, 0, 7, 0, 0, 0, 7, 0, 0, 0, 1, 4, 0, 0, 7, 0, 0, 0]",0.6935230656103655,0.5,0.4831358249772106,0.34822601839684625,0.4047346315387553,0.6274638633377135
"[0, 20, 0, 3, 8, 1, 2, 0, 7, 0, 0, 0, 1, 4, 0, 0, 8, 2, 2, 0, 0, 27, 1, 1, 7, 0, 0, 0, 2, 0, 0, 0, 3, 0, 0, 0, 8, 3, 2, 0, 3, 0, 0, 0, 0, 22, 0, 3]",0.6931717179038308,0.5,0.4925465838509317,0.5210249671484888,0.5063856960408685,0.4632063074901445
"[7, 0, 0, 0, 2, 1, 0, 0, 7, 0, 0, 0, 4, 194, 0, 0, 7, 0, 0, 0, 7, 0, 0, 0, 1, 4, 0, 0, 4, 363, 3, 0, 7, 0, 0, 0, 7, 0, 0, 0, 7, 0, 0, 0, 7, 0, 0, 0]",0.6930943456563082,0.5,0.5023898035050451,0.621550591327201,0.5556534508076358,0.3843626806833114
"[7, 0, 0, 0, 3, 0, 0, 0, 0, 24, 0, 3, 7, 0, 0, 0, 6, 63, 3, 1, 4, 40, 1, 0, 7, 0, 0, 0, 7, 0, 0, 0, 1, 4, 0, 0, 4, 192, 1, 0, 7, 0, 0, 0, 7, 0, 0, 0]",0.6934318163178184,0.5,0.5,0.43889618922470436,0.46745976207137857,0.5611038107752957
"[8, 0, 2, 0, 2, 1, 0, 0, 7, 0, 0, 0, 0, 4, 1, 1, 0, 16, 0, 1, 8, 2, 2, 0, 1, 4, 0, 0, 3, 0, 0, 0, 7, 0, 0, 0, 7, 0, 0, 0, 6, 20, 4, 3, 0, 20, 1, 0]",0.6933734064752405,0.5,0.5163352272727273,0.4776609724047306,0.4962457337883959,0.5525624178712221
"[4, 407, 1, 0, 4, 373, 0, 0, 7, 0, 0, 0, 7, 0, 0, 0, 4, 36, 1, 0, 7, 0, 0, 0, 7, 0, 0, 0, 7, 0, 0, 0, 7, 0, 0, 0, 7, 0, 0, 0, 1, 4, 0, 0, 7, 0, 0, 0]",0.6937079402533445,0.5,0.4982155603140614,0.45860709592641263,0.4775915155661991,0.538107752956636
"[0, 11, 0, 0, 7, 0, 0, 0, 8, 2, 1, 0, 0, 20, 0, 1, 1, 20, 0, 0, 6, 56, 1, 3, 4, 16, 1, 0, 7, 0, 0, 0, 7, 0, 0, 0, 4, 493, 3, 0, 7, 0, 0, 0, 7, 0, 0, 0]",0.6937514001672919,0.5,0.49435531788472964,0.5466491458607096,0.519188767550702,0.4408672798948752
"[8, 0, 1, 0, 8, 1, 1, 0, 7, 0, 0, 0, 1, 4, 0, 0, 4, 213, 0, 0, 7, 0, 0, 0, 7, 0, 0, 0, 7, 0, 0, 0, 7, 0, 0, 0, 7, 0, 0, 0, 7, 0, 0, 0, 7, 0, 0, 0]",0.693441474979574,0.5,0.5036075036075036,0.45860709592641263,0.48005502063273725,0.5479632063074902
"[6, 10, 2, 0, 7, 0, 0, 0, 3, 0, 0, 0, 7, 0, 0, 0, 7, 0, 0, 0, 4, 362, 1, 0, 7, 0, 0, 0, 4, 193, 3, 0, 4, 92, 1, 0, 7, 0, 0, 0, 7, 0, 0, 0, 7, 0, 0, 0]",0.6933327317237854,0.5,0.49807586586036284,0.59526938239159,0.542352589045196,0.40013140604467806
"[3, 0, 0, 0, 4, 72, 3, 0, 7, 0, 0, 0, 7, 0, 0, 0, 7, 0, 0, 0, 7, 0, 0, 0, 1, 4, 0, 0, 7, 0, 0, 0, 7, 0, 0, 0, 7, 0, 0, 0, 4, 430, 0, 0, 7, 0, 0, 0]",0.693038981069218,0.5,0.5125,0.5387647831800263,0.5253042921204356,0.48751642575558474
"[2, 1, 0, 0, 0, 11, 0, 1, 0, 16, 0, 1, 5, 0, 0, 0, 7, 0, 0, 0, 3, 0, 0, 0, 8, 3, 2, 0, 4, 451, 0, 0, 7, 0, 0, 0, 7, 0, 0, 0, 7, 0, 0, 0, 7, 0, 0, 0]",0.6931583393703807,0.5,0.4975206611570248,0.3955321944809461,0.4407027818448023,0.6005256241787122
"[0, 6, 0, 0, 6, 36, 4, 3, 4, 93, 3, 0, 7, 0, 0, 0, 7, 0, 0, 0, 7, 0, 0, 0, 7, 0, 0, 0, 1, 4, 0, 0, 7, 0, 0, 0, 4, 474, 0, 0, 7, 0, 0, 0, 7, 0, 0, 0]",0.6936978020451285,0.5,0.509090909090909,0.533508541392904,0.521013795316009,0.4855453350854139
"[8, 0, 1, 0, 1, 4, 0, 0, 2, 1, 0, 0, 4, 162, 3, 0, 7, 0, 0, 0, 7, 0, 0, 0, 7, 0, 0, 0, 7, 0, 0, 0, 7, 0, 0, 0, 7, 0, 0, 0, 4, 165, 3, 0, 1, 4, 0, 0]",0.6933868608691476,0.5,0.4895003620564808,0.44415243101182655,0.4657251119531519,0.5367936925098554
"[0, 17, 0, 3, 0, 14, 1, 1, 6, 8, 4, 0, 5, 0, 0, 0, 4, 117, 3, 0, 7, 0, 0, 0, 7, 0, 0, 0, 7, 0, 0, 0, 7, 0, 0, 0, 1, 4, 0, 0, 7, 0, 0, 0, 7, 0, 0, 0]",0.6936454935507341,0.5,0.5021806853582554,0.5295663600525624,0.5155100735529261,0.47503285151116953
"[7, 0, 0, 0, 2, 0, 0, 0, 1, 4, 0, 0, 1, 4, 0, 0, 6, 56, 4, 0, 3, 0, 0, 0, 1, 4, 0, 0, 2, 1, 0, 0, 7, 0, 0, 0, 7, 0, 0, 0, 8, 1, 2, 0, 8, 2, 2, 0]",0.6982639973813837,0.5,0.5179386823222439,0.5216819973718791,0.5198036006546645,0.514454664914586
"[1, 4, 0, 0, 4, 356, 3, 0, 7, 0, 0, 0, 7, 0, 0, 0, 7, 0, 0, 0, 7, 0, 0, 0, 1, 4, 0, 0, 7, 0, 0, 0, 7, 0, 0, 0, 7, 0, 0, 0, 7, 0, 0, 0, 1, 4, 0, 0]",0.6933753192424774,0.5,0.5006811989100818,0.48291721419185285,0.4916387959866221,0.5183968462549278
"[7, 0, 0, 0, 3, 0, 0, 0, 6, 28, 2, 3, 2, 1, 0, 0, 7, 0, 0, 0, 7, 0, 0, 0, 2, 1, 0, 0, 7, 0, 0, 0, 1, 4, 0, 0, 3, 0, 0, 0, 4, 260, 1, 0, 7, 0, 0, 0]",0.6948283125053752,0.5,0.5072463768115942,0.5978975032851511,0.548854041013269,0.4191852825229961
"[0, 14, 1, 0, 4, 315, 0, 0, 7, 0, 0, 0, 7, 0, 0, 0, 7, 0, 0, 0, 7, 0, 0, 0, 7, 0, 0, 0, 7, 0, 0, 0, 7, 0, 0, 0, 4, 464, 3, 0, 4, 73, 1, 0, 7, 0, 0, 0]",0.6937747462229296,0.5,0.5020408163265306,0.6465177398160316,0.5651924181504883,0.3587385019710907
"[4, 358, 3, 0, 7, 0, 0, 0, 7, 0, 0, 0, 7, 0, 0, 0, 7, 0, 0, 0, 7, 0, 0, 0, 7, 0, 0, 0, 7, 0, 0, 0, 7, 0, 0, 0, 7, 0, 0, 0, 7, 0, 0, 0, 7, 0, 0, 0]",0.6932562318715182,0.5,0.4890885750962773,0.5006570302233903,0.4948051948051948,0.47700394218134035
"[7, 0, 0, 0, 5, 0, 0, 0, 7, 0, 0, 0, 4, 464, 3, 0, 7, 0, 0, 0, 1, 4, 0, 0, 7, 0, 0, 0, 7, 0, 0, 0, 7, 0, 0, 0, 7, 0, 0, 0, 7, 0, 0, 0, 7, 0, 0, 0]",0.6935939517888156,0.5,0.4853675945753034,0.4467805519053876,0.46527540198426276,0.526281208935611
"[1, 4, 0, 0, 3, 0, 0, 0, 7, 0, 0, 0, 4, 333, 1, 0, 7, 0, 0, 0, 7, 0, 0, 0, 7, 0, 0, 0, 7, 0, 0, 0, 4, 482, 1, 0, 7, 0, 0, 0, 7, 0, 0, 0, 7, 0, 0, 0]",0.6932789033109491,0.5,0.5078692493946732,0.5512483574244416,0.5286704473850031,0.46583442838370565
"[8, 0, 1, 0, 1, 4, 0, 0, 7, 0, 0, 0, 0, 25, 1, 0, 2, 1, 0, 0, 3, 0, 0, 0, 2, 1, 0, 0, 8, 3, 1, 0, 0, 16, 0, 3, 6, 24, 4, 1, 7, 0, 0, 0, 0, 10, 1, 1]",0.6933404261415655,0.5,0.494572591587517,0.47897503285151116,0.48664886515353806,0.5105124835742444
"[1, 4, 0, 0, 1, 4, 0, 0, 4, 479, 0, 0, 7, 0, 0, 0, 4, 131, 0, 0, 7, 0, 0, 0, 7, 0, 0, 0, 1, 4, 0, 0, 7, 0, 0, 0, 7, 0, 0, 0, 7, 0, 0, 0, 7, 0, 0, 0]",0.6933746094053442,0.5,0.5014100394811055,0.5840998685939554,0.5396054628224582,0.4191852825229961
"[2, 1, 0, 0, 8, 1, 2, 0, 2, 1, 0, 0, 3, 0, 0, 0, 0, 23, 1, 1, 7, 0, 0, 0, 7, 0, 0, 0, 2, 0, 0, 0, 7, 0, 0, 0, 6, 60, 1, 1, 2, 0, 0, 0, 7, 0, 0, 0]",0.6933244548060677,0.5,0.497,0.6530880420499343,0.5644520159000568,0.33902759526938236
"[1, 4, 0, 0, 8, 1, 1, 0, 6, 48, 4, 0, 7, 0, 0, 0, 8, 1, 2, 0, 2, 1, 0, 0, 7, 0, 0, 0, 3, 0, 0, 0, 4, 247, 1, 0, 1, 4, 0, 0, 7, 0, 0, 0, 4, 144, 3, 0]",0.6938337304375388,0.5,0.48623853211009177,0.34822601839684625,0.4058192955589586,0.6320630749014454
"[8, 0, 2, 0, 6, 12, 2, 3, 0, 6, 0, 0, 0, 30, 0, 3, 2, 0, 0, 0, 8, 1, 2, 0, 7, 0, 0, 0, 1, 4, 0, 0, 1, 4, 0, 0, 4, 415, 3, 0, 7, 0, 0, 0, 7, 0, 0, 0]",0.6947169737382368,0.5,0.4966722129783694,0.39224704336399474,0.43832599118942733,0.602496714848883
"[5, 0, 0, 0, 7, 0, 0, 0, 3, 0, 0, 0, 7, 0, 0, 0, 7, 0, 0, 0, 4, 37, 3, 0, 7, 0, 0, 0, 7, 0, 0, 0, 7, 0, 0, 0, 1, 4, 0, 0, 7, 0, 0, 0, 1, 4, 0, 0]",0.6975244283676147,0.5,0.5129781420765027,0.49342969776609724,0.5030140656396517,0.5315374507227333
"[1, 4, 0, 0, 0, 9, 1, 0, 0, 22, 1, 3, 8, 3, 2, 0, 3, 0, 0, 0, 7, 0, 0, 0, 0, 9, 1, 0, 1, 9, 0, 0, 8, 2, 2, 0, 0, 22, 0, 3, 1, 22, 0, 0, 5, 0, 0, 0]",0.6862967935475436,0.5,0.5047425474254743,0.4894875164257556,0.4969979986657772,0.5197109067017083
"[3, 0, 0, 0, 3, 0, 0, 0, 1, 4, 0, 0, 5, 0, 0, 0, 7, 0, 0, 0, 3, 0, 0, 0, 8, 2, 2, 0, 7, 0, 0, 0, 7, 0, 0, 0, 3, 0, 0, 0, 3, 0, 0, 0, 7, 0, 0, 0]",0.6930130313743245,0.5,0.5021008403361344,0.47109067017082784,0.48610169491525423,0.5328515111695138
"[6, 28, 4, 0, 1, 28, 0, 0, 3, 0, 0, 0, 7, 0, 0, 0, 0, 20, 0, 0, 7, 0, 0, 0, 7, 0, 0, 0, 3, 0, 0, 0, 8, 2, 1, 0, 7, 0, 0, 0, 1, 4, 0, 0, 8, 3, 2, 0]",0.6941009868275035,0.5,0.5031847133757962,0.519053876478318,0.5109961190168176,0.48751642575558474
"[7, 0, 0, 0, 6, 45, 3, 1, 0, 11, 0, 1, 2, 0, 0, 0, 1, 4, 0, 0, 7, 0, 0, 0, 4, 254, 0, 0, 7, 0, 0, 0, 7, 0, 0, 0, 7, 0, 0, 0, 1, 4, 0, 0, 7, 0, 0, 0]",0.6937598179687153,0.5,0.49498327759197325,0.48620236530880423,0.49055352999668544,0.5039421813403416
"[7, 0, 0, 0, 3, 0, 0, 0, 1, 4, 0, 0, 2, 1, 0, 0, 8, 1, 1, 0, 0, 12, 1, 1, 7, 0, 0, 0, 8, 2, 1, 0, 0, 11, 0, 3, 1, 11, 0, 0, 0, 29, 1, 3, 3, 0, 0, 0]",0.6867407018488104,0.5,0.49929676511954996,0.4664914586070959,0.48233695652173914,0.5321944809461235
"[8, 0, 1, 0, 6, 44, 4, 1, 7, 0, 0, 0, 2, 0, 0, 0, 7, 0, 0, 0, 8, 2, 1, 0, 2, 0, 0, 0, 0, 13, 0, 1, 7, 0, 0, 0, 7, 0, 0, 0, 2, 1, 0, 0, 3, 0, 0, 0]",0.6931158900260925,0.5,0.4912912912912913,0.5374507227332457,0.5133354251647317,0.44349540078843624
"[8, 0, 1, 0, 6, 63, 3, 3, 2, 0, 0, 0, 7, 0, 0, 0, 1, 4, 0, 0, 2, 0, 0, 0, 1, 4, 0, 0, 8, 2, 2, 0, 0, 24, 1, 3, 0, 15, 1, 0, 4, 202, 1, 0, 7, 0, 0, 0]",0.6935174898667769,0.5,0.49912536443148686,0.5624178712220762,0.5288847698486253,0.435611038107753
"[7, 0, 0, 0, 7, 0, 0, 0, 7, 0, 0, 0, 6, 28, 1, 3, 3, 0, 0, 0, 7, 0, 0, 0, 7, 0, 0, 0, 7, 0, 0, 0, 7, 0, 0, 0, 1, 4, 0, 0, 4, 404, 1, 0, 7, 0, 0, 0]",0.6944866586815227,0.5,0.49392194497760716,0.507227332457293,0.500486223662885,0.4802890932982917
"[4, 240, 3, 0, 7, 0, 0, 0, 7, 0, 0, 0, 7, 0, 0, 0, 7, 0, 0, 0, 7, 0, 0, 0, 7, 0, 0, 0, 7, 0, 0, 0, 7, 0, 0, 0, 7, 0, 0, 0, 7, 0, 0, 0, 7, 0, 0, 0]",0.6933898465199904,0.5,0.5037237643872715,0.4888304862023653,0.49616538846282093,0.5183968462549278
"[7, 0, 0, 0, 6, 48, 1, 0, 5, 0, 0, 0, 7, 0, 0, 0, 8, 3, 2, 0, 7, 0, 0, 0, 4, 266, 3, 0, 7, 0, 0, 0, 7, 0, 0, 0, 7, 0, 0, 0, 7, 0, 0, 0, 1, 4, 0, 0]",0.696768048134717,0.5,0.49447852760736194,0.5295663600525624,0.5114213197969543,0.45860709592641263
"[2, 1, 0, 0, 8, 1, 1, 0, 4, 139, 1, 0, 7, 0, 0, 0, 4, 419, 3, 0, 7, 0, 0, 0, 1, 4, 0, 0, 1, 4, 0, 0, 1, 4, 0, 0, 7, 0, 0, 0, 7, 0, 0, 0, 7, 0, 0, 0]",0.6934118433432146,0.5,0.48333333333333334,0.43823915900131405,0.4596829772570641,0.5315374507227333
"[3, 0, 0, 0, 6, 47, 1, 0, 3, 0, 0, 0, 0, 20, 0, 1, 8, 2, 2, 0, 1, 4, 0, 0, 4, 20, 0, 0, 1, 4, 0, 0, 1, 4, 0, 0, 7, 0, 0, 0, 7, 0, 0, 0, 7, 0, 0, 0]",0.6961997801607306,0.5,0.5140625,0.4323258869908016,0.4696645253390435,0.5913272010512484
"[3, 0, 0, 0, 4, 444, 0, 0, 7, 0, 0, 0, 7, 0, 0, 0, 7, 0, 0, 0, 1, 4, 0, 0, 7, 0, 0, 0, 4, 340, 3, 0, 7, 0, 0, 0, 4, 112, 3, 0, 7, 0, 0, 0, 7, 0, 0, 0]",0.6934425939213146,0.5,0.5074839629365645,0.46780551905387646,0.48683760683760685,0.5459921156373193
"[2, 1, 0, 0, 7, 0, 0, 0, 7, 0, 0, 0, 7, 0, 0, 0, 3, 0, 0, 0, 3, 0, 0, 0, 7, 0, 0, 0, 1, 4, 0, 0, 7, 0, 0, 0, 2, 1, 0, 0, 7, 0, 0, 0, 0, 11, 1, 1]",0.6930817094716158,0.5,0.5011668611435239,0.5643889618922471,0.530902348578492,0.43823915900131405
"[2, 0, 0, 0, 8, 1, 1, 0, 0, 20, 0, 1, 7, 0, 0, 0, 8, 3, 1, 0, 4, 270, 1, 0, 1, 4, 0, 0, 7, 0, 0, 0, 7, 0, 0, 0, 7, 0, 0, 0, 1, 4, 0, 0, 4, 370, 3, 0]",0.6937128630551425,0.5,0.5093555093555093,0.48291721419185285,0.4957841483979764,0.5348226018396847
"[4, 38, 1, 0, 7, 0, 0, 0, 7, 0, 0, 0, 7, 0, 0, 0, 4, 55, 0, 0, 7, 0, 0, 0, 4, 47, 3, 0, 1, 4, 0, 0, 7, 0, 0, 0, 7, 0, 0, 0, 7, 0, 0, 0, 7, 0, 0, 0]",0.6940429508686066,0.5,0.5131761442441054,0.48620236530880423,0.4993252361673414,0.5387647831800263
"[6, 27, 3, 0, 7, 0, 0, 0, 8, 1, 2, 0, 8, 1, 1, 0, 5, 0, 0, 0, 4, 296, 1, 0, 7, 0, 0, 0, 7, 0, 0, 0, 4, 240, 3, 0, 7, 0, 0, 0, 7, 0, 0, 0, 7, 0, 0, 0]",0.6934723041274331,0.5,0.4909855769230769,0.5367936925098554,0.5128688010043942,0.44349540078843624
"[7, 0, 0, 0, 7, 0, 0, 0, 6, 28, 2, 3, 4, 293, 0, 0, 7, 0, 0, 0, 7, 0, 0, 0, 7, 0, 0, 0, 7, 0, 0, 0, 1, 4, 0, 0, 7, 0, 0, 0, 7, 0, 0, 0, 7, 0, 0, 0]",0.6937743587927385,0.5,0.49066666666666664,0.6044678055190539,0.5416544009420077,0.37253613666228647
"[0, 30, 1, 1, 0, 16, 1, 1, 1, 16, 0, 0, 0, 14, 1, 3, 3, 0, 0, 0, 6, 29, 1, 3, 7, 0, 0, 0, 0, 21, 1, 1, 7, 0, 0, 0, 3, 0, 0, 0, 7, 0, 0, 0, 2, 1, 0, 0]",0.6933041106570851,0.5,0.48231884057971014,0.5466491458607096,0.5124730520480444,0.4132720105124836
"[2, 1, 0, 0, 5, 0, 0, 0, 4, 394, 1, 0, 7, 0, 0, 0, 4, 112, 3, 0, 7, 0, 0, 0, 7, 0, 0, 0, 4, 222, 3, 0, 7, 0, 0, 0, 7, 0, 0, 0, 1, 4, 0, 0, 7, 0, 0, 0]",0.6934006647630171,0.5,0.49002347417840375,0.5486202365308804,0.5176689398636082,0.4290407358738502
"[4, 81, 0, 0, 4, 205, 0, 0, 7, 0, 0, 0, 7, 0, 0, 0, 7, 0, 0, 0, 1, 4, 0, 0, 7, 0, 0, 0, 7, 0, 0, 0, 7, 0, 0, 0, 7, 0, 0, 0, 4, 62, 1, 0, 7, 0, 0, 0]",0.6934537210247733,0.5,0.48178391959798994,0.5039421813403416,0.49261400128452154,0.4579500657030223
"[7, 0, 0, 0, 4, 6, 1, 0, 4, 333, 1, 0, 7, 0, 0, 0, 4, 402, 1, 0, 7, 0, 0, 0, 7, 0, 0, 0, 7, 0, 0, 0, 7, 0, 0, 0, 7, 0, 0, 0, 1, 4, 0, 0, 1, 4, 0, 0]",0.6933201551437378,0.5,0.49448275862068963,0.47109067017082784,0.48250336473755046,0.5183968462549278
"[1, 4, 0, 0, 6, 41, 1, 0, 5, 0, 0, 0, 7, 0, 0, 0, 1, 4, 0, 0, 8, 2, 1, 0, 3, 0, 0, 0, 7, 0, 0, 0, 7, 0, 0, 0, 7, 0, 0, 0, 7, 0, 0, 0, 4, 5, 0, 0]",0.704410894350572,0.5,0.513664596273292,0.5433639947437582,0.5280970625798213,0.4855453350854139
"[0, 31, 0, 3, 3, 0, 0, 0, 0, 5, 1, 3, 4, 323, 1, 0, 4, 487, 1, 0, 7, 0, 0, 0, 7, 0, 0, 0, 7, 0, 0, 0, 7, 0, 0, 0, 7, 0, 0, 0, 7, 0, 0, 0, 7, 0, 0, 0]",0.6933396648276936,0.5,0.4853868194842407,0.5565045992115637,0.5185185185185185,0.4099868593955322
"[6, 40, 4, 0, 3, 0, 0, 0, 7, 0, 0, 0, 7, 0, 0, 0, 7, 0, 0, 0, 7, 0, 0, 0, 7, 0, 0, 0, 2, 0, 0, 0, 7, 0, 0, 0, 8, 2, 2, 0, 5, 0, 0, 0, 4, 57, 0, 0]",0.693869560956955,0.5,0.48903043170559096,0.4540078843626807,0.4708688245315162,0.5256241787122208
"[1, 4, 0, 0, 7, 0, 0, 0, 7, 0, 0, 0, 1, 4, 0, 0, 1, 4, 0, 0, 0, 27, 0, 0, 7, 0, 0, 0, 1, 4, 0, 0, 8, 3, 1, 0, 1, 4, 0, 0, 8, 3, 1, 0, 6, 16, 4, 3]",0.6937598884105682,0.5,0.49796747967479676,0.48291721419185285,0.4903268845897265,0.5131406044678055
"[0, 18, 0, 3, 4, 402, 1, 0, 7, 0, 0, 0, 7, 0, 0, 0, 4, 495, 0, 0, 7, 0, 0, 0, 7, 0, 0, 0, 4, 63, 1, 0, 7, 0, 0, 0, 1, 4, 0, 0, 7, 0, 0, 0, 7, 0, 0, 0]",0.6932827234268188,0.5,0.5083732057416268,0.5584756898817346,0.5322479649342517,0.45992115637319314
"[1, 4, 0, 0, 5, 0, 0, 0, 4, 468, 0, 0, 7, 0, 0, 0, 7, 0, 0, 0, 7, 0, 0, 0, 4, 117, 0, 0, 7, 0, 0, 0, 7, 0, 0, 0, 1, 4, 0, 0, 7, 0, 0, 0, 4, 256, 3, 0]",0.6933521763844923,0.5,0.5128644939965694,0.392904073587385,0.44494047619047616,0.6268068331143233
"[3, 0, 0, 0, 3, 0, 0, 0, 7, 0, 0, 0, 7, 0, 0, 0, 3, 0, 0, 0, 1, 4, 0, 0, 8, 2, 2, 0, 3, 0, 0, 0, 1, 4, 0, 0, 1, 4, 0, 0, 1, 4, 0, 0, 8, 2, 2, 0]",0.693125532432036,0.5,0.49765258215962443,0.557161629434954,0.5257284562926224,0.4375821287779238
"[0, 17, 1, 1, 8, 1, 2, 0, 6, 36, 4, 1, 1, 36, 0, 0, 7, 0, 0, 0, 7, 0, 0, 0, 3, 0, 0, 0, 7, 0, 0, 0, 2, 1, 0, 0, 7, 0, 0, 0, 2, 0, 0, 0, 1, 4, 0, 0]",0.6954735652966932,0.5,0.5018395879323032,0.4480946123521682,0.47344671988892745,0.5551905387647832
"[0, 9, 1, 1, 0, 6, 0, 1, 4, 204, 0, 0, 7, 0, 0, 0, 7, 0, 0, 0, 7, 0, 0, 0, 1, 4, 0, 0, 7, 0, 0, 0, 4, 132, 3, 0, 7, 0, 0, 0, 7, 0, 0, 0, 7, 0, 0, 0]",0.6935198713432659,0.5,0.485160508782556,0.526281208935611,0.5048849669082887,0.44152431011826543
"[7, 0, 0, 0, 8, 1, 1, 0, 3, 0, 0, 0, 8, 3, 2, 0, 1, 4, 0, 0, 8, 3, 2, 0, 7, 0, 0, 0, 2, 1, 0, 0, 3, 0, 0, 0, 4, 92, 0, 0, 7, 0, 0, 0, 7, 0, 0, 0]",0.6930592927065763,0.5,0.48142753095411506,0.4342969776609724,0.4566493955094991,0.5321944809461235
"[6, 8, 4, 1, 1, 8, 0, 0, 2, 1, 0, 0, 7, 0, 0, 0, 2, 1, 0, 0, 7, 0, 0, 0, 0, 20, 0, 1, 7, 0, 0, 0, 2, 1, 0, 0, 7, 0, 0, 0, 3, 0, 0, 0, 5, 0, 0, 0]",0.6931960582733154,0.5,0.4883720930232558,0.469119579500657,0.4785522788203753,0.5085413929040736
"[1, 4, 0, 0, 0, 24, 0, 0, 3, 0, 0, 0, 1, 4, 0, 0, 6, 9, 3, 1, 7, 0, 0, 0, 2, 0, 0, 0, 7, 0, 0, 0, 7, 0, 0, 0, 7, 0, 0, 0, 8, 3, 2, 0, 4, 388, 0, 0]",0.6933178386904977,0.5,0.5144167758846658,0.5157687253613666,0.5150918635170604,0.5131406044678055
"[8, 0, 2, 0, 7, 0, 0, 0, 0, 13, 0, 1, 4, 273, 3, 0, 7, 0, 0, 0, 7, 0, 0, 0, 7, 0, 0, 0, 7, 0, 0, 0, 7, 0, 0, 0, 7, 0, 0, 0, 4, 78, 1, 0, 1, 4, 0, 0]",0.6930960010398518,0.5,0.48868778280542985,0.4967148488830486,0.49266862170087977,0.4802890932982917
"[3, 0, 0, 0, 0, 17, 1, 0, 1, 17, 0, 0, 3, 0, 0, 0, 3, 0, 0, 0, 1, 4, 0, 0, 2, 1, 0, 0, 0, 10, 0, 1, 8, 1, 2, 0, 3, 0, 0, 0, 7, 0, 0, 0, 4, 92, 3, 0]",0.6933065056800842,0.5,0.5058394160583941,0.45532194480946125,0.47925311203319504,0.5551905387647832
"[2, 1, 0, 0, 0, 22, 1, 0, 2, 1, 0, 0, 7, 0, 0, 0, 0, 15, 0, 0, 7, 0, 0, 0, 0, 28, 1, 0, 0, 29, 1, 0, 6, 20, 4, 3, 2, 0, 0, 0, 4, 270, 0, 0, 4, 229, 1, 0]",0.6934883052652533,0.5,0.5189393939393939,0.450065703022339,0.48205489092188597,0.5827858081471747
"[1, 4, 0, 0, 7, 0, 0, 0, 3, 0, 0, 0, 1, 4, 0, 0, 6, 32, 4, 0, 0, 19, 0, 0, 2, 1, 0, 0, 4, 377, 0, 0, 7, 0, 0, 0, 1, 4, 0, 0, 7, 0, 0, 0, 7, 0, 0, 0]",0.692608957940882,0.5,0.4885204081632653,0.5032851511169514,0.49579288025889967,0.4730617608409987
"[3, 0, 0, 0, 7, 0, 0, 0, 6, 21, 3, 0, 1, 21, 0, 0, 7, 0, 0, 0, 7, 0, 0, 0, 2, 1, 0, 0, 7, 0, 0, 0, 7, 0, 0, 0, 7, 0, 0, 0, 4, 382, 3, 0, 7, 0, 0, 0]",0.6937852826985446,0.5,0.5087719298245614,0.533508541392904,0.5208466966003849,0.48488830486202367
"[1, 4, 0, 0, 0, 14, 0, 1, 2, 0, 0, 0, 2, 0, 0, 0, 3, 0, 0, 0, 4, 30, 0, 0, 7, 0, 0, 0, 7, 0, 0, 0, 7, 0, 0, 0, 4, 396, 3, 0, 1, 4, 0, 0, 7, 0, 0, 0]",0.6937459138306704,0.5,0.47891283973758203,0.335742444152431,0.3947470065662418,0.6346911957950065
"[4, 238, 1, 0, 7, 0, 0, 0, 7, 0, 0, 0, 7, 0, 0, 0, 7, 0, 0, 0, 7, 0, 0, 0, 7, 0, 0, 0, 7, 0, 0, 0, 7, 0, 0, 0, 7, 0, 0, 0, 7, 0, 0, 0, 7, 0, 0, 0]",0.693193874575875,0.5,0.4970491803278689,0.4980289093298292,0.497538562520512,0.49605781865965837
"[7, 0, 0, 0, 6, 44, 4, 1, 2, 0, 0, 0, 7, 0, 0, 0, 1, 4, 0, 0, 7, 0, 0, 0, 7, 0, 0, 0, 3, 0, 0, 0, 7, 0, 0, 0, 7, 0, 0, 0, 2, 0, 0, 0, 1, 4, 0, 0]",0.6991440897638147,0.5,0.4934402332361516,0.4448094612352168,0.46786454733932276,0.5433639947437582
"[0, 29, 1, 0, 1, 29, 0, 0, 8, 1, 1, 0, 1, 4, 0, 0, 5, 0, 0, 0, 7, 0, 0, 0, 3, 0, 0, 0, 7, 0, 0, 0, 1, 4, 0, 0, 7, 0, 0, 0, 7, 0, 0, 0, 7, 0, 0, 0]",0.7070660347288306,0.5,0.4942450914014895,0.47963206307490147,0.48682894298099366,0.5091984231274639
"[0, 19, 0, 1, 7, 0, 0, 0, 0, 21, 1, 3, 8, 2, 1, 0, 3, 0, 0, 0, 2, 1, 0, 0, 2, 0, 0, 0, 4, 25, 1, 0, 7, 0, 0, 0, 4, 366, 1, 0, 7, 0, 0, 0, 7, 0, 0, 0]",0.693240921605717,0.5,0.49401709401709404,0.759526938239159,0.5986535473847747,0.22207621550591328
"[1, 4, 0, 0, 2, 1, 0, 0, 0, 8, 1, 3, 6, 48, 2, 0, 1, 48, 0, 0, 7, 0, 0, 0, 7, 0, 0, 0, 7, 0, 0, 0, 7, 0, 0, 0, 4, 27, 0, 0, 7, 0, 0, 0, 7, 0, 0, 0]",0.6964619186791506,0.5,0.4876847290640394,0.45532194480946125,0.4709480122324159,0.5216819973718791
"[6, 42, 3, 0, 3, 0, 0, 0, 4, 95, 0, 0, 7, 0, 0, 0, 7, 0, 0, 0, 4, 147, 0, 0, 7, 0, 0, 0, 4, 241, 0, 0, 7, 0, 0, 0, 7, 0, 0, 0, 7, 0, 0, 0, 7, 0, 0, 0]",0.6932221569798209,0.5,0.511044776119403,0.5624178712220762,0.5355020331560838,0.461892247043364
"[7, 0, 0, 0, 4, 23, 3, 0, 7, 0, 0, 0, 4, 50, 0, 0, 7, 0, 0, 0, 7, 0, 0, 0, 7, 0, 0, 0, 7, 0, 0, 0, 7, 0, 0, 0, 1, 4, 0, 0, 7, 0, 0, 0, 7, 0, 0, 0]",0.6938812245022167,0.5,0.502442996742671,0.40538764783180026,0.44872727272727275,0.5985545335085414
"[4, 481, 3, 0, 7, 0, 0, 0, 7, 0, 0, 0, 7, 0, 0, 0, 7, 0, 0, 0, 7, 0, 0, 0, 7, 0, 0, 0, 7, 0, 0, 0, 7, 0, 0, 0, 7, 0, 0, 0, 7, 0, 0, 0, 7, 0, 0, 0]",0.6932902336120605,0.5,0.4916294642857143,0.5788436268068331,0.5316837658418829,0.4014454664914586
"[3, 0, 0, 0, 1, 4, 0, 0, 1, 4, 0, 0, 2, 1, 0, 0, 6, 36, 3, 3, 1, 36, 0, 0, 3, 0, 0, 0, 1, 4, 0, 0, 1, 4, 0, 0, 3, 0, 0, 0, 8, 2, 2, 0, 1, 4, 0, 0]",0.6966792047023773,0.5,0.5172413793103449,0.5026281208935611,0.509830056647784,0.5308804204993429
"[7, 0, 0, 0, 8, 1, 2, 0, 7, 0, 0, 0, 3, 0, 0, 0, 2, 0, 0, 0, 8, 3, 2, 0, 7, 0, 0, 0, 0, 27, 0, 3, 4, 408, 0, 0, 7, 0, 0, 0, 7, 0, 0, 0, 7, 0, 0, 0]",0.6932192742824554,0.5,0.49434187016081,0.545335085413929,0.5185879412683536,0.44218134034165574
"[4, 111, 1, 0, 1, 4, 0, 0, 7, 0, 0, 0, 7, 0, 0, 0, 7, 0, 0, 0, 7, 0, 0, 0, 7, 0, 0, 0, 7, 0, 0, 0, 7, 0, 0, 0, 7, 0, 0, 0, 7, 0, 0, 0, 7, 0, 0, 0]",0.6936516707593744,0.5,0.5059171597633136,0.561760840998686,0.5323785803237858,0.45137976346911957
"[4, 127, 3, 0, 7, 0, 0, 0, 7, 0, 0, 0, 4, 38, 1, 0, 7, 0, 0, 0, 7, 0, 0, 0, 7, 0, 0, 0, 7, 0, 0, 0, 4, 54, 3, 0, 7, 0, 0, 0, 7, 0, 0, 0, 7, 0, 0, 0]",0.6934751190922477,0.5,0.49719887955182074,0.4664914586070959,0.48135593220338985,0.5282522996057819
"[2, 0, 0, 0, 3, 0, 0, 0, 6, 45, 3, 3, 1, 45, 0, 0, 4, 468, 1, 0, 7, 0, 0, 0, 7, 0, 0, 0, 7, 0, 0, 0, 7, 0, 0, 0, 7, 0, 0, 0, 7, 0, 0, 0, 1, 4, 0, 0]",0.6951852982694452,0.5,0.5151273885350318,0.42509855453350853,0.4658027357811375,0.599868593955322
"[7, 0, 0, 0, 2, 1, 0, 0, 8, 1, 1, 0, 6, 24, 4, 1, 7, 0, 0, 0, 7, 0, 0, 0, 8, 3, 1, 0, 7, 0, 0, 0, 3, 0, 0, 0, 0, 30, 0, 1, 7, 0, 0, 0, 3, 0, 0, 0]",0.6932906562631781,0.5,0.4844632768361582,0.4507227332457293,0.46698434309053777,0.5203679369250985
"[7, 0, 0, 0, 2, 1, 0, 0, 3, 0, 0, 0, 8, 2, 1, 0, 3, 0, 0, 0, 0, 13, 0, 3, 7, 0, 0, 0, 1, 4, 0, 0, 1, 4, 0, 0, 4, 386, 3, 0, 7, 0, 0, 0, 7, 0, 0, 0]",0.6936318332498724,0.5,0.5070721357850071,0.47109067017082784,0.4884196185286104,0.5420499342969777
"[8, 0, 1, 0, 3, 0, 0, 0, 3, 0, 0, 0, 6, 61, 1, 3, 7, 0, 0, 0, 1, 4, 0, 0, 3, 0, 0, 0, 2, 0, 0, 0, 4, 465, 3, 0, 7, 0, 0, 0, 7, 0, 0, 0, 7, 0, 0, 0]",0.6952546618201516,0.5,0.4975698663426488,0.538107752956636,0.5170454545454546,0.45663600525624176
"[4, 486, 0, 0, 4, 469, 3, 0, 7, 0, 0, 0, 7, 0, 0, 0, 7, 0, 0, 0, 7, 0, 0, 0, 7, 0, 0, 0, 7, 0, 0, 0, 7, 0, 0, 0, 7, 0, 0, 0, 7, 0, 0, 0, 7, 0, 0, 0]",0.6933000602505424,0.5,0.500990099009901,0.49868593955321944,0.49983536384590055,0.5032851511169514
"[7, 0, 0, 0, 1, 4, 0, 0, 8, 2, 2, 0, 7, 0, 0, 0, 1, 4, 0, 0, 7, 0, 0, 0, 6, 47, 1, 3, 8, 2, 2, 0, 7, 0, 0, 0, 8, 3, 1, 0, 2, 1, 0, 0, 4, 469, 1, 0]",0.6933176652951674,0.5,0.4905117883841288,0.5604467805519053,0.5231524072370438,0.4178712220762155
"[8, 0, 2, 0, 0, 20, 0, 1, 7, 0, 0, 0, 8, 2, 2, 0, 3, 0, 0, 0, 7, 0, 0, 0, 8, 2, 2, 0, 6, 46, 2, 3, 0, 16, 1, 0, 7, 0, 0, 0, 7, 0, 0, 0, 2, 0, 0, 0]",0.6934023499488831,0.5,0.505267979844251,0.7247043363994744,0.5954116059379218,0.290407358738502
"[1, 4, 0, 0, 7, 0, 0, 0, 4, 456, 1, 0, 7, 0, 0, 0, 4, 426, 1, 0, 7, 0, 0, 0, 4, 218, 3, 0, 7, 0, 0, 0, 7, 0, 0, 0, 7, 0, 0, 0, 7, 0, 0, 0, 7, 0, 0, 0]",0.6931445625695315,0.5,0.49435382685069007,0.5177398160315374,0.5057766367137355,0.4704336399474376
"[0, 14, 1, 3, 2, 0, 0, 0, 5, 0, 0, 0, 4, 66, 3, 0, 7, 0, 0, 0, 4, 397, 0, 0, 7, 0, 0, 0, 7, 0, 0, 0, 7, 0, 0, 0, 7, 0, 0, 0, 7, 0, 0, 0, 1, 4, 0, 0]",0.693509803576903,0.5,0.4989399293286219,0.46386333771353483,0.480762683009874,0.5341655716162943
"[7, 0, 0, 0, 3, 0, 0, 0, 7, 0, 0, 0, 3, 0, 0, 0, 7, 0, 0, 0, 1, 4, 0, 0, 8, 3, 2, 0, 3, 0, 0, 0, 3, 0, 0, 0, 3, 0, 0, 0, 7, 0, 0, 0, 8, 2, 1, 0]",0.6931667192415758,0.5,0.5016545334215751,0.4980289093298292,0.4998351467194197,0.5052562417871223
"[4, 463, 3, 0, 7, 0, 0, 0, 7, 0, 0, 0, 7, 0, 0, 0, 7, 0, 0, 0, 7, 0, 0, 0, 7, 0, 0, 0, 7, 0, 0, 0, 4, 362, 1, 0, 7, 0, 0, 0, 7, 0, 0, 0, 7, 0, 0, 0]",0.6933245740153573,0.5,0.49118223383409537,0.4940867279894875,0.492630199803472,0.48817345597897505
"[3, 0, 0, 0, 5, 0, 0, 0, 4, 509, 0, 0, 1, 4, 0, 0, 7, 0, 0, 0, 7, 0, 0, 0, 7, 0, 0, 0, 7, 0, 0, 0, 7, 0, 0, 0, 7, 0, 0, 0, 1, 4, 0, 0, 7, 0, 0, 0]",0.6968215785243295,0.5,0.4884878655880523,0.5157687253613666,0.5017577500798978,0.45992115637319314
"[3, 0, 0, 0, 1, 4, 0, 0, 3, 0, 0, 0, 0, 22, 1, 3, 3, 0, 0, 0, 8, 2, 1, 0, 4, 244, 0, 0, 7, 0, 0, 0, 7, 0, 0, 0, 7, 0, 0, 0, 7, 0, 0, 0, 4, 139, 3, 0]",0.6932834549383684,0.5,0.5084643288996372,0.5525624178712221,0.5295969773299748,0.46583442838370565
"[2, 1, 0, 0, 3, 0, 0, 0, 1, 4, 0, 0, 8, 1, 1, 0, 0, 7, 1, 0, 4, 33, 0, 0, 7, 0, 0, 0, 7, 0, 0, 0, 7, 0, 0, 0, 7, 0, 0, 0, 7, 0, 0, 0, 7, 0, 0, 0]",0.6938774368979714,0.5,0.47806354009077157,0.4152431011826544,0.4444444444444444,0.5466491458607096
"[7, 0, 0, 0, 7, 0, 0, 0, 6, 20, 1, 3, 3, 0, 0, 0, 0, 30, 1, 0, 7, 0, 0, 0, 7, 0, 0, 0, 7, 0, 0, 0, 2, 0, 0, 0, 4, 278, 3, 0, 7, 0, 0, 0, 4, 29, 3, 0]",0.6935939870097421,0.5,0.48316831683168315,0.32063074901445465,0.3854660347551343,0.657030223390276
"[6, 48, 4, 0, 4, 160, 3, 0, 1, 4, 0, 0, 7, 0, 0, 0, 7, 0, 0, 0, 7, 0, 0, 0, 7, 0, 0, 0, 7, 0, 0, 0, 7, 0, 0, 0, 7, 0, 0, 0, 4, 32, 0, 0, 7, 0, 0, 0]",0.6945569488135251,0.5,0.4926423544465771,0.5059132720105125,0.4991896272285251,0.47897503285151116
"[6, 60, 4, 0, 7, 0, 0, 0, 1, 4, 0, 0, 7, 0, 0, 0, 1, 4, 0, 0, 1, 4, 0, 0, 4, 121, 1, 0, 7, 0, 0, 0, 7, 0, 0, 0, 7, 0, 0, 0, 7, 0, 0, 0, 7, 0, 0, 0]",0.6946709508245642,0.5,0.4968888888888889,0.36727989487516427,0.4223649414431432,0.6281208935611038
"[0, 21, 0, 3, 3, 0, 0, 0, 4, 29, 3, 0, 7, 0, 0, 0, 1, 4, 0, 0, 7, 0, 0, 0, 7, 0, 0, 0, 1, 4, 0, 0, 7, 0, 0, 0, 7, 0, 0, 0, 7, 0, 0, 0, 7, 0, 0, 0]",0.6944453448057175,0.5,0.49672813801308746,0.5486202365308804,0.5213862004370903,0.44415243101182655
"[0, 29, 1, 1, 4, 291, 1, 0, 7, 0, 0, 0, 4, 15, 0, 0, 7, 0, 0, 0, 7, 0, 0, 0, 7, 0, 0, 0, 7, 0, 0, 0, 7, 0, 0, 0, 7, 0, 0, 0, 7, 0, 0, 0, 7, 0, 0, 0]",0.6941671788692474,0.5,0.5151745068285281,0.44612352168199737,0.478169014084507,0.5801576872536137
"[7, 0, 0, 0, 4, 83, 3, 0, 4, 411, 3, 0, 7, 0, 0, 0, 7, 0, 0, 0, 7, 0, 0, 0, 1, 4, 0, 0, 7, 0, 0, 0, 7, 0, 0, 0, 1, 4, 0, 0, 7, 0, 0, 0, 7, 0, 0, 0]",0.6934887528419494,0.5,0.4996309963099631,0.4448094612352168,0.4706291275634341,0.5545335085413929
"[1, 4, 0, 0, 5, 0, 0, 0, 7, 0, 0, 0, 7, 0, 0, 0, 7, 0, 0, 0, 8, 1, 1, 0, 1, 4, 0, 0, 8, 1, 2, 0, 7, 0, 0, 0, 4, 193, 0, 0, 1, 4, 0, 0, 7, 0, 0, 0]",0.6938440501689911,0.5,0.5030193236714976,0.5473061760840998,0.5242290748898678,0.4592641261498029
"[0, 5, 1, 3, 8, 1, 2, 0, 7, 0, 0, 0, 3, 0, 0, 0, 7, 0, 0, 0, 8, 1, 1, 0, 0, 14, 0, 3, 0, 16, 0, 0, 2, 0, 0, 0, 3, 0, 0, 0, 2, 1, 0, 0, 8, 3, 2, 0]",0.6932123839855194,0.5,0.4970336189848385,0.49540078843626806,0.4962158604804212,0.49868593955321944
"[3, 0, 0, 0, 8, 1, 1, 0, 8, 2, 1, 0, 7, 0, 0, 0, 7, 0, 0, 0, 8, 2, 1, 0, 3, 0, 0, 0, 1, 4, 0, 0, 1, 4, 0, 0, 2, 1, 0, 0, 6, 52, 4, 0, 2, 1, 0, 0]",0.693304431438446,0.5,0.49409871244635195,0.6051248357424441,0.5440047253396337,0.3804204993429698
"[5, 0, 0, 0, 7, 0, 0, 0, 3, 0, 0, 0, 3, 0, 0, 0, 7, 0, 0, 0, 7, 0, 0, 0, 8, 1, 2, 0, 7, 0, 0, 0, 7, 0, 0, 0, 8, 1, 2, 0, 7, 0, 0, 0, 7, 0, 0, 0]",0.6931225240230561,0.5,0.496956281128943,0.5900131406044679,0.5395013517572844,0.40275952693823913
"[7, 0, 0, 0, 6, 39, 1, 1, 4, 35, 3, 0, 4, 134, 1, 0, 7, 0, 0, 0, 7, 0, 0, 0, 7, 0, 0, 0, 7, 0, 0, 0, 7, 0, 0, 0, 7, 0, 0, 0, 7, 0, 0, 0, 7, 0, 0, 0]",0.6935209095478058,0.5,0.5019607843137255,0.3363994743758213,0.4028324154209284,0.6662286465177398
"[3, 0, 0, 0, 7, 0, 0, 0, 6, 40, 4, 0, 4, 55, 0, 0, 4, 390, 0, 0, 7, 0, 0, 0, 7, 0, 0, 0, 7, 0, 0, 0, 7, 0, 0, 0, 7, 0, 0, 0, 7, 0, 0, 0, 7, 0, 0, 0]",0.6932914674282074,0.5,0.49855907780979825,0.45466491458607095,0.4756013745704467,0.5427069645203679
"[7, 0, 0, 0, 3, 0, 0, 0, 4, 396, 3, 0, 7, 0, 0, 0, 7, 0, 0, 0, 1, 4, 0, 0, 7, 0, 0, 0, 7, 0, 0, 0, 7, 0, 0, 0, 7, 0, 0, 0, 7, 0, 0, 0, 7, 0, 0, 0]",0.6932311981916428,0.5,0.49245283018867925,0.514454664914586,0.5032133676092545,0.46977660972404733
"[5, 0, 0, 0, 7, 0, 0, 0, 7, 0, 0, 0, 4, 381, 0, 0, 1, 4, 0, 0, 7, 0, 0, 0, 7, 0, 0, 0, 7, 0, 0, 0, 7, 0, 0, 0, 7, 0, 0, 0, 4, 258, 0, 0, 7, 0, 0, 0]",0.6935896337032318,0.5,0.4806324110671937,0.39947437582128775,0.4363114459992824,0.5683311432325887
"[7, 0, 0, 0, 1, 4, 0, 0, 3, 0, 0, 0, 3, 0, 0, 0, 7, 0, 0, 0, 7, 0, 0, 0, 3, 0, 0, 0, 1, 4, 0, 0, 3, 0, 0, 0, 0, 12, 1, 3, 0, 20, 1, 1, 8, 2, 1, 0]",0.6908115535974503,0.5,0.5156889495225102,0.4967148488830486,0.5060240963855421,0.533508541392904
"[0, 9, 0, 1, 6, 32, 4, 1, 0, 22, 0, 0, 8, 3, 1, 0, 8, 2, 1, 0, 4, 316, 3, 0, 7, 0, 0, 0, 4, 92, 1, 0, 7, 0, 0, 0, 7, 0, 0, 0, 7, 0, 0, 0, 7, 0, 0, 0]",0.6934606701135635,0.5,0.49255377826806396,0.5867279894875165,0.5355322338830585,0.3955321944809461
"[1, 4, 0, 0, 7, 0, 0, 0, 0, 9, 1, 3, 0, 5, 0, 0, 0, 28, 0, 0, 2, 1, 0, 0, 4, 89, 3, 0, 4, 11, 0, 0, 1, 4, 0, 0, 7, 0, 0, 0, 1, 4, 0, 0, 1, 4, 0, 0]",0.695180156826973,0.5,0.5105421686746988,0.4454664914586071,0.47578947368421054,0.5729303547963206
"[0, 28, 1, 0, 7, 0, 0, 0, 0, 18, 0, 1, 4, 42, 3, 0, 7, 0, 0, 0, 7, 0, 0, 0, 7, 0, 0, 0, 7, 0, 0, 0, 7, 0, 0, 0, 7, 0, 0, 0, 7, 0, 0, 0, 7, 0, 0, 0]",0.6936562389135361,0.5,0.5103132161955691,0.43889618922470436,0.47191805015895444,0.5788436268068331
"[3, 0, 0, 0, 6, 54, 2, 0, 4, 88, 0, 0, 4, 420, 0, 0, 7, 0, 0, 0, 1, 4, 0, 0, 7, 0, 0, 0, 1, 4, 0, 0, 7, 0, 0, 0, 7, 0, 0, 0, 4, 264, 0, 0, 7, 0, 0, 0]",0.6934622257947922,0.5,0.5013262599469496,0.4967148488830486,0.499009900990099,0.5059132720105125
"[1, 4, 0, 0, 7, 0, 0, 0, 8, 1, 2, 0, 0, 18, 0, 3, 0, 10, 0, 0, 1, 10, 0, 0, 0, 28, 1, 1, 3, 0, 0, 0, 4, 337, 3, 0, 7, 0, 0, 0, 4, 16, 3, 0, 7, 0, 0, 0]",0.6950168818235397,0.5,0.503693754197448,0.492772667542707,0.4981733643307871,0.514454664914586
"[1, 4, 0, 0, 5, 0, 0, 0, 4, 202, 3, 0, 1, 4, 0, 0, 7, 0, 0, 0, 7, 0, 0, 0, 7, 0, 0, 0, 7, 0, 0, 0, 1, 4, 0, 0, 7, 0, 0, 0, 7, 0, 0, 0, 7, 0, 0, 0]",0.694769698381424,0.5,0.5017942583732058,0.5512483574244416,0.5253600500939261,0.45269382391590013
"[4, 143, 0, 0, 7, 0, 0, 0, 7, 0, 0, 0, 1, 4, 0, 0, 7, 0, 0, 0, 7, 0, 0, 0, 7, 0, 0, 0, 7, 0, 0, 0, 4, 18, 3, 0, 7, 0, 0, 0, 7, 0, 0, 0, 7, 0, 0, 0]",0.6946042239665985,0.5,0.509594882729211,0.6281208935611038,0.5626839317245439,0.3955321944809461
"[2, 0, 0, 0, 6, 48, 3, 0, 0, 15, 1, 3, 0, 6, 0, 0, 7, 0, 0, 0, 2, 1, 0, 0, 3, 0, 0, 0, 8, 2, 1, 0, 7, 0, 0, 0, 3, 0, 0, 0, 2, 0, 0, 0, 7, 0, 0, 0]",0.6932239472866059,0.5,0.5162866449511401,0.41655716162943496,0.4610909090909091,0.6097240473061761
"[6, 8, 4, 0, 7, 0, 0, 0, 7, 0, 0, 0, 7, 0, 0, 0, 2, 1, 0, 0, 7, 0, 0, 0, 1, 4, 0, 0, 7, 0, 0, 0, 1, 4, 0, 0, 2, 0, 0, 0, 4, 354, 1, 0, 7, 0, 0, 0]",0.6932668507099151,0.5,0.49433512224209897,0.5446780551905388,0.5182869646764614,0.442838370565046
"[7, 0, 0, 0, 8, 1, 2, 0, 6, 44, 2, 0, 7, 0, 0, 0, 2, 1, 0, 0, 2, 0, 0, 0, 7, 0, 0, 0, 7, 0, 0, 0, 2, 1, 0, 0, 2, 1, 0, 0, 4, 166, 3, 0, 7, 0, 0, 0]",0.6931495070457458,0.5,0.49608865710560623,0.5,0.4980366492146597,0.4921156373193167
"[6, 62, 2, 0, 3, 0, 0, 0, 1, 4, 0, 0, 2, 0, 0, 0, 1, 4, 0, 0, 4, 288, 3, 0, 7, 0, 0, 0, 4, 491, 0, 0, 7, 0, 0, 0, 7, 0, 0, 0, 7, 0, 0, 0, 7, 0, 0, 0]",0.6935789853334426,0.5,0.4943745863666446,0.4908015768725361,0.49258160237388726,0.4980289093298292
"[7, 0, 0, 0, 7, 0, 0, 0, 8, 2, 2, 0, 2, 0, 0, 0, 4, 329, 0, 0, 7, 0, 0, 0, 7, 0, 0, 0, 7, 0, 0, 0, 4, 201, 1, 0, 7, 0, 0, 0, 7, 0, 0, 0, 7, 0, 0, 0]",0.6934035509824753,0.5,0.5047272727272727,0.4559789750328515,0.47911632723507075,0.5525624178712221
"[6, 52, 4, 1, 8, 1, 2, 0, 3, 0, 0, 0, 8, 2, 2, 0, 4, 354, 1, 0, 7, 0, 0, 0, 7, 0, 0, 0, 4, 393, 0, 0, 7, 0, 0, 0, 7, 0, 0, 0, 7, 0, 0, 0, 4, 490, 3, 0]",0.6933358460664749,0.5,0.49183417085427134,0.514454664914586,0.5028901734104047,0.46846254927726677
"[8, 0, 2, 0, 4, 19, 1, 0, 7, 0, 0, 0, 7, 0, 0, 0, 7, 0, 0, 0, 7, 0, 0, 0, 7, 0, 0, 0, 7, 0, 0, 0, 7, 0, 0, 0, 7, 0, 0, 0, 7, 0, 0, 0, 4, 201, 3, 0]",0.6935641407966614,0.5,0.5127450980392156,0.3436268068331143,0.4114870180959874,0.6734559789750328
"[2, 1, 0, 0, 7, 0, 0, 0, 6, 56, 4, 0, 7, 0, 0, 0, 3, 0, 0, 0, 0, 4, 1, 0, 7, 0, 0, 0, 2, 1, 0, 0, 8, 1, 1, 0, 8, 3, 1, 0, 7, 0, 0, 0, 3, 0, 0, 0]",0.693261381983757,0.5,0.49809014514896865,0.4283837056504599,0.46061462380784174,0.5683311432325887
"[4, 426, 0, 0, 7, 0, 0, 0, 4, 496, 3, 0, 7, 0, 0, 0, 7, 0, 0, 0, 7, 0, 0, 0, 7, 0, 0, 0, 7, 0, 0, 0, 7, 0, 0, 0, 7, 0, 0, 0, 4, 53, 1, 0, 7, 0, 0, 0]",0.6936729729175568,0.5,0.4942372881355932,0.47897503285151116,0.4864864864864865,0.5098554533508541
"[3, 0, 0, 0, 0, 14, 1, 1, 5, 0, 0, 0, 7, 0, 0, 0, 7, 0, 0, 0, 4, 248, 3, 0, 7, 0, 0, 0, 1, 4, 0, 0, 7, 0, 0, 0, 7, 0, 0, 0, 4, 218, 0, 0, 7, 0, 0, 0]",0.6940128266811371,0.5,0.5079479768786127,0.461892247043364,0.48382656572608396,0.5525624178712221
"[2, 1, 0, 0, 3, 0, 0, 0, 2, 0, 0, 0, 8, 2, 2, 0, 7, 0, 0, 0, 4, 177, 3, 0, 4, 441, 0, 0, 7, 0, 0, 0, 7, 0, 0, 0, 7, 0, 0, 0, 7, 0, 0, 0, 4, 72, 3, 0]",0.6933032929897308,0.5,0.5172832019405701,0.5604467805519053,0.5380006307158625,0.47700394218134035
"[7, 0, 0, 0, 1, 4, 0, 0, 3, 0, 0, 0, 3, 0, 0, 0, 3, 0, 0, 0, 7, 0, 0, 0, 0, 14, 0, 0, 7, 0, 0, 0, 1, 4, 0, 0, 2, 1, 0, 0, 7, 0, 0, 0, 6, 18, 2, 0]",0.6940120607614517,0.5,0.4994305239179954,0.576215505913272,0.5350823672971324,0.42247043363994746
"[1, 4, 0, 0, 7, 0, 0, 0, 8, 1, 2, 0, 1, 4, 0, 0, 0, 12, 0, 1, 8, 3, 1, 0, 7, 0, 0, 0, 1, 4, 0, 0, 0, 23, 0, 1, 3, 0, 0, 0, 0, 17, 1, 1, 1, 17, 0, 0]",0.6936778396368026,0.5,0.5054054054054054,0.4914586070959264,0.4983344437041972,0.519053876478318
"[2, 0, 0, 0, 7, 0, 0, 0, 1, 4, 0, 0, 4, 10, 0, 0, 7, 0, 0, 0, 7, 0, 0, 0, 7, 0, 0, 0, 7, 0, 0, 0, 7, 0, 0, 0, 7, 0, 0, 0, 7, 0, 0, 0, 4, 230, 0, 0]",0.6938938468694686,0.5,0.48293963254593175,0.36268068331143233,0.41425891181988744,0.6116951379763469
"[4, 446, 1, 0, 7, 0, 0, 0, 1, 4, 0, 0, 7, 0, 0, 0, 7, 0, 0, 0, 4, 26, 3, 0, 1, 4, 0, 0, 7, 0, 0, 0, 7, 0, 0, 0, 1, 4, 0, 0, 7, 0, 0, 0, 7, 0, 0, 0]",0.6935133963823319,0.5,0.5078498293515359,0.4888304862023653,0.49815868764646803,0.526281208935611
"[0, 29, 1, 1, 1, 29, 0, 0, 6, 28, 4, 1, 7, 0, 0, 0, 7, 0, 0, 0, 0, 26, 1, 3, 1, 26, 0, 0, 7, 0, 0, 0, 0, 7, 0, 1, 7, 0, 0, 0, 0, 6, 1, 1, 2, 0, 0, 0]",0.6878671705722809,0.5,0.5117437722419929,0.4724047306176084,0.4912880081995217,0.5492772667542707
"[0, 19, 0, 1, 6, 8, 4, 3, 7, 0, 0, 0, 2, 0, 0, 0, 1, 4, 0, 0, 0, 4, 0, 0, 7, 0, 0, 0, 8, 2, 2, 0, 7, 0, 0, 0, 7, 0, 0, 0, 0, 12, 0, 1, 7, 0, 0, 0]",0.6931444555521011,0.5,0.5020177562550444,0.40867279894875164,0.4505613908004346,0.5946123521681997
"[0, 20, 1, 1, 8, 1, 2, 0, 1, 4, 0, 0, 8, 2, 2, 0, 8, 2, 2, 0, 7, 0, 0, 0, 7, 0, 0, 0, 8, 2, 1, 0, 2, 0, 0, 0, 3, 0, 0, 0, 5, 0, 0, 0, 4, 90, 1, 0]",0.6880669951438904,0.5,0.4962962962962963,0.48423127463863336,0.49018955769870304,0.5085413929040736
"[2, 0, 0, 0, 8, 1, 1, 0, 2, 1, 0, 0, 0, 8, 0, 3, 7, 0, 0, 0, 6, 44, 4, 0, 1, 44, 0, 0, 7, 0, 0, 0, 7, 0, 0, 0, 7, 0, 0, 0, 8, 1, 2, 0, 2, 0, 0, 0]",0.7000019639730454,0.5,0.4928115015974441,0.40538764783180026,0.444844989185292,0.5827858081471747
"[8, 0, 1, 0, 3, 0, 0, 0, 2, 1, 0, 0, 6, 27, 3, 3, 1, 27, 0, 0, 7, 0, 0, 0, 8, 1, 1, 0, 0, 17, 1, 1, 0, 29, 0, 1, 7, 0, 0, 0, 2, 1, 0, 0, 8, 1, 1, 0]",0.6931403696537017,0.5,0.5034396497811132,0.5289093298291722,0.5158603011855175,0.4783180026281209
"[0, 14, 1, 0, 4, 243, 1, 0, 4, 235, 1, 0, 7, 0, 0, 0, 7, 0, 0, 0, 1, 4, 0, 0, 7, 0, 0, 0, 7, 0, 0, 0, 7, 0, 0, 0, 7, 0, 0, 0, 1, 4, 0, 0, 7, 0, 0, 0]",0.6931716412305832,0.5,0.48451151707704526,0.4007884362680683,0.4386911183027688,0.573587385019711
"[7, 0, 0, 0, 7, 0, 0, 0, 8, 1, 2, 0, 6, 24, 2, 0, 8, 2, 2, 0, 7, 0, 0, 0, 7, 0, 0, 0, 2, 0, 0, 0, 3, 0, 0, 0, 2, 1, 0, 0, 8, 1, 2, 0, 1, 4, 0, 0]",0.697453498840332,0.5,0.49339460080413555,0.5643889618922471,0.5265093472264787,0.4204993429697766
"[5, 0, 0, 0, 7, 0, 0, 0, 4, 227, 3, 0, 4, 338, 0, 0, 7, 0, 0, 0, 7, 0, 0, 0, 7, 0, 0, 0, 7, 0, 0, 0, 7, 0, 0, 0, 7, 0, 0, 0, 7, 0, 0, 0, 7, 0, 0, 0]",0.6931930840015411,0.5,0.5072595281306715,0.36727989487516427,0.4260670731707317,0.6432325886990802
"[6, 48, 4, 1, 7, 0, 0, 0, 3, 0, 0, 0, 3, 0, 0, 0, 7, 0, 0, 0, 7, 0, 0, 0, 3, 0, 0, 0, 4, 495, 3, 0, 7, 0, 0, 0, 7, 0, 0, 0, 7, 0, 0, 0, 7, 0, 0, 0]",0.6932117372751236,0.5,0.5143464399574921,0.3180026281208936,0.3930166463662201,0.6997371879106439
