Model,Encoded Chromosome
201,"[0, 30, 0, 0, 3, 0, 0, 0, 2, 1, 0, 0, 0, 16, 0, 0, 3, 0, 0, 0, 1, 0, 0, 0, 2, 1, 0, 0, 0, 16, 0, 0, 3, 0, 0, 0, 5, 0, 0, 0, 4, 256, 0, 0, 3, 1, 0, 0]"
202,"[1, 0, 0, 0, 0, 16, 0, 1, 1, 0, 0, 0, 0, 8, 0, 1, 1, 0, 0, 0, 5, 0, 0, 0, 4, 32, 1, 0, 4, 1, 2, 0, 7, 0, 0, 0, 7, 0, 0, 0, 7, 0, 0, 0, 7, 0, 0, 0]"
203,"[0, 32, 0, 1, 1, 0, 0, 0, 2, 1, 0, 0, 8, 3, 31, 0, 5, 0, 0, 0, 4, 256, 0, 0, 3, 3, 0, 0, 4, 1, 2, 0, 7, 0, 0, 0, 7, 0, 0, 0, 7, 0, 0, 0, 7, 0, 0, 0]"
1,"[1, 4, 0, 0, 5, 0, 0, 0, 7, 0, 0, 0, 7, 0, 0, 0, 7, 0, 0, 0, 1, 4, 0, 0, 1, 4, 0, 0, 3, 0, 0, 0, 7, 0, 0, 0, 4, 358, 3, 0, 7, 0, 0, 0, 4, 296, 3, 0]"
2,"[0, 24, 0, 0, 6, 31, 0, 1, 3, 0, 0, 0, 8, 1, 1, 0, 6, 21, 0, 3, 8, 1, 2, 0, 8, 1, 2, 0, 0, 31, 0, 3, 0, 31, 0, 0, 7, 0, 0, 0, 6, 14, 1, 3, 0, 13, 1, 1]"
3,"[0, 11, 1, 3, 3, 0, 0, 0, 3, 0, 0, 0, 2, 0, 0, 0, 1, 4, 0, 0, 2, 1, 0, 0, 0, 14, 1, 0, 7, 0, 0, 0, 3, 0, 0, 0, 2, 0, 0, 0, 7, 0, 0, 0, 5, 0, 0, 0]"
4,"[3, 0, 0, 0, 6, 11, 0, 0, 7, 0, 0, 0, 8, 2, 1, 0, 7, 0, 0, 0, 0, 6, 1, 3, 7, 0, 0, 0, 6, 16, 1, 0, 7, 0, 0, 0, 7, 0, 0, 0, 3, 0, 0, 0, 8, 1, 1, 0]"
5,"[4, 337, 0, 0, 7, 0, 0, 0, 7, 0, 0, 0, 7, 0, 0, 0, 7, 0, 0, 0, 4, 357, 3, 0, 7, 0, 0, 0, 7, 0, 0, 0, 7, 0, 0, 0, 7, 0, 0, 0, 7, 0, 0, 0, 4, 493, 1, 0]"
6,"[2, 0, 0, 0, 8, 1, 2, 0, 2, 0, 0, 0, 0, 30, 0, 3, 7, 0, 0, 0, 8, 2, 1, 0, 6, 19, 1, 0, 4, 188, 0, 0, 7, 0, 0, 0, 7, 0, 0, 0, 7, 0, 0, 0, 7, 0, 0, 0]"
7,"[2, 1, 0, 0, 1, 4, 0, 0, 7, 0, 0, 0, 4, 198, 1, 0, 7, 0, 0, 0, 1, 4, 0, 0, 7, 0, 0, 0, 7, 0, 0, 0, 7, 0, 0, 0, 7, 0, 0, 0, 7, 0, 0, 0, 7, 0, 0, 0]"
8,"[4, 187, 3, 0, 7, 0, 0, 0, 7, 0, 0, 0, 7, 0, 0, 0, 7, 0, 0, 0, 7, 0, 0, 0, 1, 4, 0, 0, 7, 0, 0, 0, 7, 0, 0, 0, 7, 0, 0, 0, 7, 0, 0, 0, 7, 0, 0, 0]"
9,"[6, 16, 0, 1, 1, 16, 0, 0, 2, 0, 0, 0, 7, 0, 0, 0, 3, 0, 0, 0, 8, 1, 1, 0, 3, 0, 0, 0, 1, 4, 0, 0, 1, 4, 0, 0, 1, 4, 0, 0, 6, 6, 1, 0, 3, 0, 0, 0]"
10,"[8, 0, 1, 0, 3, 0, 0, 0, 7, 0, 0, 0, 7, 0, 0, 0, 6, 6, 0, 0, 8, 3, 2, 0, 4, 364, 0, 0, 7, 0, 0, 0, 7, 0, 0, 0, 4, 193, 0, 0, 7, 0, 0, 0, 7, 0, 0, 0]"
11,"[1, 4, 0, 0, 1, 4, 0, 0, 5, 0, 0, 0, 4, 174, 1, 0, 7, 0, 0, 0, 7, 0, 0, 0, 7, 0, 0, 0, 7, 0, 0, 0, 7, 0, 0, 0, 7, 0, 0, 0, 7, 0, 0, 0, 7, 0, 0, 0]"
12,"[4, 418, 0, 0, 7, 0, 0, 0, 7, 0, 0, 0, 7, 0, 0, 0, 7, 0, 0, 0, 7, 0, 0, 0, 7, 0, 0, 0, 1, 4, 0, 0, 1, 4, 0, 0, 7, 0, 0, 0, 4, 373, 3, 0, 7, 0, 0, 0]"
13,"[1, 4, 0, 0, 3, 0, 0, 0, 7, 0, 0, 0, 3, 0, 0, 0, 1, 4, 0, 0, 1, 4, 0, 0, 1, 4, 0, 0, 7, 0, 0, 0, 0, 15, 1, 3, 2, 0, 0, 0, 1, 4, 0, 0, 1, 4, 0, 0]"
14,"[2, 0, 0, 0, 8, 1, 1, 0, 0, 27, 0, 3, 6, 20, 1, 3, 4, 494, 0, 0, 7, 0, 0, 0, 7, 0, 0, 0, 7, 0, 0, 0, 4, 360, 1, 0, 7, 0, 0, 0, 7, 0, 0, 0, 7, 0, 0, 0]"
15,"[3, 0, 0, 0, 7, 0, 0, 0, 0, 4, 0, 3, 8, 2, 1, 0, 0, 9, 1, 1, 0, 6, 0, 1, 2, 0, 0, 0, 7, 0, 0, 0, 7, 0, 0, 0, 2, 0, 0, 0, 6, 11, 0, 3, 7, 0, 0, 0]"
16,"[1, 4, 0, 0, 8, 1, 1, 0, 4, 338, 3, 0, 7, 0, 0, 0, 7, 0, 0, 0, 7, 0, 0, 0, 7, 0, 0, 0, 7, 0, 0, 0, 7, 0, 0, 0, 7, 0, 0, 0, 7, 0, 0, 0, 7, 0, 0, 0]"
17,"[7, 0, 0, 0, 7, 0, 0, 0, 7, 0, 0, 0, 1, 4, 0, 0, 7, 0, 0, 0, 4, 269, 3, 0, 7, 0, 0, 0, 7, 0, 0, 0, 7, 0, 0, 0, 4, 91, 0, 0, 7, 0, 0, 0, 1, 4, 0, 0]"
18,"[4, 40, 1, 0, 7, 0, 0, 0, 7, 0, 0, 0, 1, 4, 0, 0, 7, 0, 0, 0, 4, 243, 1, 0, 4, 289, 0, 0, 4, 237, 3, 0, 1, 4, 0, 0, 7, 0, 0, 0, 7, 0, 0, 0, 1, 4, 0, 0]"
19,"[3, 0, 0, 0, 4, 448, 1, 0, 7, 0, 0, 0, 7, 0, 0, 0, 7, 0, 0, 0, 7, 0, 0, 0, 7, 0, 0, 0, 7, 0, 0, 0, 7, 0, 0, 0, 7, 0, 0, 0, 7, 0, 0, 0, 7, 0, 0, 0]"
20,"[6, 28, 1, 1, 7, 0, 0, 0, 3, 0, 0, 0, 2, 0, 0, 0, 6, 4, 1, 1, 0, 18, 1, 0, 4, 395, 3, 0, 7, 0, 0, 0, 7, 0, 0, 0, 4, 410, 1, 0, 7, 0, 0, 0, 7, 0, 0, 0]"
21,"[1, 4, 0, 0, 7, 0, 0, 0, 8, 2, 1, 0, 8, 2, 1, 0, 6, 4, 1, 1, 6, 6, 0, 1, 6, 8, 1, 1, 3, 0, 0, 0, 1, 4, 0, 0, 0, 14, 1, 3, 7, 0, 0, 0, 3, 0, 0, 0]"
22,"[8, 0, 2, 0, 0, 20, 0, 3, 7, 0, 0, 0, 6, 28, 1, 1, 6, 25, 1, 1, 2, 0, 0, 0, 7, 0, 0, 0, 6, 22, 0, 1, 7, 0, 0, 0, 7, 0, 0, 0, 2, 0, 0, 0, 2, 0, 0, 0]"
23,"[2, 1, 0, 0, 2, 1, 0, 0, 3, 0, 0, 0, 7, 0, 0, 0, 1, 4, 0, 0, 1, 4, 0, 0, 2, 1, 0, 0, 7, 0, 0, 0, 6, 13, 0, 0, 1, 13, 0, 0, 3, 0, 0, 0, 6, 18, 0, 1]"
24,"[0, 31, 1, 1, 7, 0, 0, 0, 0, 28, 0, 1, 8, 3, 2, 0, 0, 20, 0, 3, 2, 0, 0, 0, 1, 4, 0, 0, 1, 4, 0, 0, 7, 0, 0, 0, 1, 4, 0, 0, 4, 118, 3, 0, 4, 439, 3, 0]"
25,"[7, 0, 0, 0, 2, 0, 0, 0, 0, 9, 0, 0, 4, 405, 3, 0, 7, 0, 0, 0, 7, 0, 0, 0, 7, 0, 0, 0, 7, 0, 0, 0, 7, 0, 0, 0, 4, 355, 1, 0, 7, 0, 0, 0, 4, 82, 3, 0]"
26,"[4, 184, 3, 0, 7, 0, 0, 0, 7, 0, 0, 0, 4, 63, 1, 0, 7, 0, 0, 0, 7, 0, 0, 0, 7, 0, 0, 0, 7, 0, 0, 0, 7, 0, 0, 0, 7, 0, 0, 0, 1, 4, 0, 0, 7, 0, 0, 0]"
27,"[8, 0, 1, 0, 2, 0, 0, 0, 2, 0, 0, 0, 2, 0, 0, 0, 7, 0, 0, 0, 2, 0, 0, 0, 3, 0, 0, 0, 0, 12, 0, 3, 4, 216, 3, 0, 7, 0, 0, 0, 7, 0, 0, 0, 4, 42, 3, 0]"
28,"[3, 0, 0, 0, 2, 0, 0, 0, 4, 347, 1, 0, 7, 0, 0, 0, 7, 0, 0, 0, 7, 0, 0, 0, 7, 0, 0, 0, 7, 0, 0, 0, 7, 0, 0, 0, 7, 0, 0, 0, 7, 0, 0, 0, 1, 4, 0, 0]"
29,"[7, 0, 0, 0, 3, 0, 0, 0, 3, 0, 0, 0, 8, 1, 2, 0, 0, 24, 1, 0, 3, 0, 0, 0, 3, 0, 0, 0, 6, 21, 0, 0, 3, 0, 0, 0, 6, 19, 0, 0, 0, 4, 1, 0, 5, 0, 0, 0]"
30,"[1, 4, 0, 0, 7, 0, 0, 0, 3, 0, 0, 0, 3, 0, 0, 0, 0, 10, 0, 0, 1, 10, 0, 0, 0, 12, 1, 1, 8, 3, 1, 0, 3, 0, 0, 0, 8, 3, 2, 0, 7, 0, 0, 0, 6, 7, 1, 1]"
31,"[3, 0, 0, 0, 1, 4, 0, 0, 8, 2, 1, 0, 2, 1, 0, 0, 4, 55, 3, 0, 7, 0, 0, 0, 7, 0, 0, 0, 7, 0, 0, 0, 1, 4, 0, 0, 7, 0, 0, 0, 1, 4, 0, 0, 1, 4, 0, 0]"
32,"[7, 0, 0, 0, 4, 400, 0, 0, 1, 4, 0, 0, 7, 0, 0, 0, 7, 0, 0, 0, 7, 0, 0, 0, 4, 347, 3, 0, 7, 0, 0, 0, 7, 0, 0, 0, 7, 0, 0, 0, 7, 0, 0, 0, 7, 0, 0, 0]"
33,"[1, 4, 0, 0, 0, 7, 0, 3, 8, 1, 2, 0, 6, 20, 1, 0, 7, 0, 0, 0, 7, 0, 0, 0, 3, 0, 0, 0, 3, 0, 0, 0, 1, 4, 0, 0, 2, 1, 0, 0, 6, 22, 0, 0, 4, 510, 0, 0]"
34,"[0, 29, 1, 0, 7, 0, 0, 0, 0, 11, 0, 0, 4, 114, 1, 0, 7, 0, 0, 0, 7, 0, 0, 0, 7, 0, 0, 0, 1, 4, 0, 0, 7, 0, 0, 0, 1, 4, 0, 0, 7, 0, 0, 0, 1, 4, 0, 0]"
35,"[2, 0, 0, 0, 1, 4, 0, 0, 8, 2, 2, 0, 1, 4, 0, 0, 8, 2, 2, 0, 3, 0, 0, 0, 3, 0, 0, 0, 8, 1, 1, 0, 7, 0, 0, 0, 1, 4, 0, 0, 4, 42, 0, 0, 1, 4, 0, 0]"
36,"[2, 0, 0, 0, 6, 9, 0, 1, 4, 390, 0, 0, 7, 0, 0, 0, 7, 0, 0, 0, 7, 0, 0, 0, 7, 0, 0, 0, 7, 0, 0, 0, 7, 0, 0, 0, 4, 311, 0, 0, 7, 0, 0, 0, 7, 0, 0, 0]"
37,"[6, 8, 1, 1, 3, 0, 0, 0, 1, 4, 0, 0, 5, 0, 0, 0, 7, 0, 0, 0, 3, 0, 0, 0, 7, 0, 0, 0, 7, 0, 0, 0, 3, 0, 0, 0, 3, 0, 0, 0, 3, 0, 0, 0, 8, 1, 1, 0]"
38,"[4, 511, 3, 0, 7, 0, 0, 0, 1, 4, 0, 0, 7, 0, 0, 0, 7, 0, 0, 0, 7, 0, 0, 0, 7, 0, 0, 0, 4, 90, 1, 0, 7, 0, 0, 0, 7, 0, 0, 0, 7, 0, 0, 0, 7, 0, 0, 0]"
39,"[4, 328, 3, 0, 4, 441, 0, 0, 7, 0, 0, 0, 7, 0, 0, 0, 1, 4, 0, 0, 4, 207, 1, 0, 7, 0, 0, 0, 7, 0, 0, 0, 7, 0, 0, 0, 7, 0, 0, 0, 7, 0, 0, 0, 7, 0, 0, 0]"
40,"[7, 0, 0, 0, 7, 0, 0, 0, 1, 4, 0, 0, 1, 4, 0, 0, 7, 0, 0, 0, 0, 9, 1, 3, 7, 0, 0, 0, 1, 4, 0, 0, 6, 18, 0, 1, 4, 249, 1, 0, 7, 0, 0, 0, 7, 0, 0, 0]"
41,"[6, 22, 1, 0, 4, 384, 3, 0, 7, 0, 0, 0, 4, 503, 3, 0, 7, 0, 0, 0, 4, 270, 1, 0, 7, 0, 0, 0, 7, 0, 0, 0, 1, 4, 0, 0, 7, 0, 0, 0, 7, 0, 0, 0, 7, 0, 0, 0]"
42,"[4, 390, 1, 0, 7, 0, 0, 0, 7, 0, 0, 0, 7, 0, 0, 0, 7, 0, 0, 0, 7, 0, 0, 0, 7, 0, 0, 0, 4, 364, 3, 0, 7, 0, 0, 0, 7, 0, 0, 0, 7, 0, 0, 0, 7, 0, 0, 0]"
43,"[7, 0, 0, 0, 2, 1, 0, 0, 3, 0, 0, 0, 1, 4, 0, 0, 1, 4, 0, 0, 3, 0, 0, 0, 6, 29, 0, 0, 6, 19, 0, 0, 0, 27, 0, 1, 6, 5, 1, 3, 6, 28, 0, 1, 3, 0, 0, 0]"
44,"[7, 0, 0, 0, 7, 0, 0, 0, 3, 0, 0, 0, 7, 0, 0, 0, 7, 0, 0, 0, 2, 1, 0, 0, 7, 0, 0, 0, 3, 0, 0, 0, 1, 4, 0, 0, 2, 1, 0, 0, 1, 4, 0, 0, 0, 28, 1, 0]"
45,"[0, 9, 1, 1, 8, 1, 1, 0, 0, 24, 1, 1, 2, 1, 0, 0, 2, 1, 0, 0, 4, 477, 3, 0, 1, 4, 0, 0, 4, 33, 3, 0, 7, 0, 0, 0, 1, 4, 0, 0, 7, 0, 0, 0, 7, 0, 0, 0]"
46,"[7, 0, 0, 0, 6, 13, 1, 3, 1, 13, 0, 0, 4, 453, 0, 0, 4, 155, 3, 0, 1, 4, 0, 0, 7, 0, 0, 0, 7, 0, 0, 0, 7, 0, 0, 0, 7, 0, 0, 0, 7, 0, 0, 0, 4, 18, 3, 0]"
47,"[0, 15, 1, 0, 6, 29, 0, 1, 8, 2, 1, 0, 7, 0, 0, 0, 2, 1, 0, 0, 2, 1, 0, 0, 2, 0, 0, 0, 7, 0, 0, 0, 3, 0, 0, 0, 1, 4, 0, 0, 7, 0, 0, 0, 2, 0, 0, 0]"
48,"[4, 203, 0, 0, 7, 0, 0, 0, 7, 0, 0, 0, 4, 337, 1, 0, 7, 0, 0, 0, 7, 0, 0, 0, 7, 0, 0, 0, 7, 0, 0, 0, 7, 0, 0, 0, 7, 0, 0, 0, 1, 4, 0, 0, 7, 0, 0, 0]"
49,"[8, 0, 1, 0, 4, 81, 1, 0, 7, 0, 0, 0, 7, 0, 0, 0, 7, 0, 0, 0, 7, 0, 0, 0, 7, 0, 0, 0, 7, 0, 0, 0, 4, 314, 1, 0, 7, 0, 0, 0, 7, 0, 0, 0, 7, 0, 0, 0]"
50,"[6, 23, 1, 1, 6, 9, 1, 3, 6, 21, 0, 3, 7, 0, 0, 0, 0, 30, 1, 1, 7, 0, 0, 0, 0, 24, 1, 3, 3, 0, 0, 0, 6, 12, 1, 0, 4, 338, 3, 0, 7, 0, 0, 0, 1, 4, 0, 0]"
51,"[5, 0, 0, 0, 4, 234, 3, 0, 7, 0, 0, 0, 7, 0, 0, 0, 4, 17, 3, 0, 7, 0, 0, 0, 7, 0, 0, 0, 7, 0, 0, 0, 4, 286, 1, 0, 4, 88, 3, 0, 7, 0, 0, 0, 7, 0, 0, 0]"
52,"[6, 23, 0, 0, 7, 0, 0, 0, 4, 352, 1, 0, 7, 0, 0, 0, 7, 0, 0, 0, 7, 0, 0, 0, 7, 0, 0, 0, 7, 0, 0, 0, 7, 0, 0, 0, 7, 0, 0, 0, 7, 0, 0, 0, 7, 0, 0, 0]"
53,"[3, 0, 0, 0, 6, 5, 0, 1, 7, 0, 0, 0, 0, 12, 1, 3, 6, 21, 1, 3, 1, 21, 0, 0, 0, 14, 1, 1, 1, 14, 0, 0, 6, 21, 1, 0, 4, 462, 1, 0, 7, 0, 0, 0, 4, 443, 0, 0]"
54,"[3, 0, 0, 0, 7, 0, 0, 0, 5, 0, 0, 0, 4, 54, 3, 0, 7, 0, 0, 0, 7, 0, 0, 0, 7, 0, 0, 0, 7, 0, 0, 0, 7, 0, 0, 0, 7, 0, 0, 0, 7, 0, 0, 0, 7, 0, 0, 0]"
55,"[7, 0, 0, 0, 7, 0, 0, 0, 7, 0, 0, 0, 0, 5, 0, 3, 3, 0, 0, 0, 2, 1, 0, 0, 8, 2, 1, 0, 8, 3, 1, 0, 8, 3, 2, 0, 2, 1, 0, 0, 6, 28, 1, 0, 8, 2, 2, 0]"
56,"[7, 0, 0, 0, 8, 1, 1, 0, 7, 0, 0, 0, 6, 30, 0, 0, 4, 212, 0, 0, 7, 0, 0, 0, 7, 0, 0, 0, 7, 0, 0, 0, 4, 254, 3, 0, 7, 0, 0, 0, 7, 0, 0, 0, 7, 0, 0, 0]"
57,"[3, 0, 0, 0, 1, 4, 0, 0, 0, 12, 1, 0, 5, 0, 0, 0, 4, 460, 0, 0, 7, 0, 0, 0, 1, 4, 0, 0, 7, 0, 0, 0, 7, 0, 0, 0, 7, 0, 0, 0, 4, 219, 1, 0, 7, 0, 0, 0]"
58,"[7, 0, 0, 0, 2, 0, 0, 0, 6, 11, 0, 3, 3, 0, 0, 0, 6, 24, 0, 1, 4, 70, 1, 0, 7, 0, 0, 0, 7, 0, 0, 0, 7, 0, 0, 0, 7, 0, 0, 0, 4, 96, 3, 0, 1, 4, 0, 0]"
59,"[3, 0, 0, 0, 2, 0, 0, 0, 4, 24, 0, 0, 1, 4, 0, 0, 7, 0, 0, 0, 7, 0, 0, 0, 7, 0, 0, 0, 7, 0, 0, 0, 4, 233, 3, 0, 7, 0, 0, 0, 7, 0, 0, 0, 7, 0, 0, 0]"
60,"[4, 478, 1, 0, 7, 0, 0, 0, 7, 0, 0, 0, 7, 0, 0, 0, 7, 0, 0, 0, 4, 426, 0, 0, 7, 0, 0, 0, 7, 0, 0, 0, 1, 4, 0, 0, 4, 283, 0, 0, 7, 0, 0, 0, 7, 0, 0, 0]"
61,"[7, 0, 0, 0, 2, 0, 0, 0, 1, 4, 0, 0, 7, 0, 0, 0, 4, 478, 1, 0, 7, 0, 0, 0, 7, 0, 0, 0, 7, 0, 0, 0, 7, 0, 0, 0, 7, 0, 0, 0, 7, 0, 0, 0, 7, 0, 0, 0]"
62,"[8, 0, 1, 0, 6, 7, 0, 1, 0, 17, 1, 0, 8, 1, 1, 0, 0, 29, 0, 3, 0, 27, 1, 3, 6, 7, 1, 0, 2, 0, 0, 0, 7, 0, 0, 0, 4, 223, 3, 0, 7, 0, 0, 0, 1, 4, 0, 0]"
63,"[6, 20, 1, 0, 0, 8, 0, 0, 6, 29, 0, 1, 1, 29, 0, 0, 1, 4, 0, 0, 8, 3, 1, 0, 7, 0, 0, 0, 8, 2, 2, 0, 4, 6, 3, 0, 4, 116, 0, 0, 7, 0, 0, 0, 7, 0, 0, 0]"
64,"[8, 0, 1, 0, 7, 0, 0, 0, 0, 12, 0, 0, 7, 0, 0, 0, 2, 0, 0, 0, 8, 3, 2, 0, 7, 0, 0, 0, 2, 1, 0, 0, 2, 1, 0, 0, 1, 4, 0, 0, 1, 4, 0, 0, 3, 0, 0, 0]"
65,"[2, 0, 0, 0, 6, 15, 1, 3, 3, 0, 0, 0, 2, 0, 0, 0, 7, 0, 0, 0, 7, 0, 0, 0, 2, 0, 0, 0, 3, 0, 0, 0, 8, 1, 1, 0, 8, 3, 1, 0, 4, 264, 1, 0, 7, 0, 0, 0]"
66,"[1, 4, 0, 0, 6, 9, 0, 1, 0, 14, 1, 0, 3, 0, 0, 0, 2, 0, 0, 0, 6, 4, 0, 3, 3, 0, 0, 0, 7, 0, 0, 0, 2, 0, 0, 0, 8, 2, 2, 0, 7, 0, 0, 0, 2, 1, 0, 0]"
67,"[3, 0, 0, 0, 5, 0, 0, 0, 4, 243, 1, 0, 7, 0, 0, 0, 7, 0, 0, 0, 7, 0, 0, 0, 7, 0, 0, 0, 7, 0, 0, 0, 7, 0, 0, 0, 7, 0, 0, 0, 1, 4, 0, 0, 7, 0, 0, 0]"
68,"[0, 27, 0, 1, 6, 8, 1, 1, 0, 21, 0, 1, 6, 18, 0, 0, 3, 0, 0, 0, 8, 3, 2, 0, 4, 208, 3, 0, 7, 0, 0, 0, 7, 0, 0, 0, 7, 0, 0, 0, 7, 0, 0, 0, 7, 0, 0, 0]"
69,"[6, 23, 0, 3, 1, 23, 0, 0, 1, 4, 0, 0, 1, 4, 0, 0, 1, 4, 0, 0, 6, 26, 1, 3, 4, 258, 1, 0, 7, 0, 0, 0, 7, 0, 0, 0, 4, 303, 0, 0, 7, 0, 0, 0, 7, 0, 0, 0]"
70,"[0, 18, 1, 3, 3, 0, 0, 0, 6, 16, 1, 0, 0, 27, 1, 0, 5, 0, 0, 0, 7, 0, 0, 0, 8, 2, 2, 0, 1, 4, 0, 0, 7, 0, 0, 0, 4, 122, 3, 0, 7, 0, 0, 0, 1, 4, 0, 0]"
71,"[3, 0, 0, 0, 4, 22, 0, 0, 7, 0, 0, 0, 7, 0, 0, 0, 4, 167, 0, 0, 4, 511, 0, 0, 7, 0, 0, 0, 7, 0, 0, 0, 4, 400, 1, 0, 7, 0, 0, 0, 7, 0, 0, 0, 7, 0, 0, 0]"
72,"[2, 1, 0, 0, 7, 0, 0, 0, 8, 2, 1, 0, 3, 0, 0, 0, 2, 1, 0, 0, 1, 4, 0, 0, 2, 0, 0, 0, 4, 142, 3, 0, 7, 0, 0, 0, 7, 0, 0, 0, 7, 0, 0, 0, 7, 0, 0, 0]"
73,"[8, 0, 1, 0, 6, 27, 0, 3, 8, 2, 2, 0, 6, 21, 0, 1, 1, 21, 0, 0, 6, 12, 0, 3, 3, 0, 0, 0, 1, 4, 0, 0, 7, 0, 0, 0, 2, 1, 0, 0, 8, 2, 2, 0, 6, 12, 0, 3]"
74,"[7, 0, 0, 0, 0, 24, 1, 3, 4, 507, 3, 0, 4, 498, 0, 0, 1, 4, 0, 0, 7, 0, 0, 0, 7, 0, 0, 0, 7, 0, 0, 0, 7, 0, 0, 0, 7, 0, 0, 0, 7, 0, 0, 0, 4, 452, 1, 0]"
75,"[7, 0, 0, 0, 4, 261, 3, 0, 7, 0, 0, 0, 7, 0, 0, 0, 7, 0, 0, 0, 7, 0, 0, 0, 7, 0, 0, 0, 7, 0, 0, 0, 7, 0, 0, 0, 7, 0, 0, 0, 4, 483, 1, 0, 4, 2, 0, 0]"
76,"[6, 17, 0, 3, 7, 0, 0, 0, 7, 0, 0, 0, 7, 0, 0, 0, 6, 5, 1, 3, 7, 0, 0, 0, 6, 19, 0, 1, 4, 484, 3, 0, 7, 0, 0, 0, 7, 0, 0, 0, 7, 0, 0, 0, 7, 0, 0, 0]"
77,"[6, 13, 0, 3, 1, 13, 0, 0, 4, 320, 3, 0, 7, 0, 0, 0, 7, 0, 0, 0, 7, 0, 0, 0, 7, 0, 0, 0, 7, 0, 0, 0, 4, 22, 3, 0, 1, 4, 0, 0, 7, 0, 0, 0, 7, 0, 0, 0]"
78,"[7, 0, 0, 0, 7, 0, 0, 0, 3, 0, 0, 0, 3, 0, 0, 0, 4, 493, 3, 0, 7, 0, 0, 0, 7, 0, 0, 0, 7, 0, 0, 0, 4, 508, 3, 0, 7, 0, 0, 0, 1, 4, 0, 0, 7, 0, 0, 0]"
79,"[8, 0, 2, 0, 8, 1, 2, 0, 6, 4, 0, 3, 2, 1, 0, 0, 7, 0, 0, 0, 4, 181, 0, 0, 7, 0, 0, 0, 7, 0, 0, 0, 4, 164, 1, 0, 1, 4, 0, 0, 7, 0, 0, 0, 7, 0, 0, 0]"
80,"[4, 282, 3, 0, 7, 0, 0, 0, 7, 0, 0, 0, 7, 0, 0, 0, 7, 0, 0, 0, 7, 0, 0, 0, 7, 0, 0, 0, 7, 0, 0, 0, 7, 0, 0, 0, 7, 0, 0, 0, 4, 297, 0, 0, 7, 0, 0, 0]"
81,"[8, 0, 1, 0, 3, 0, 0, 0, 4, 179, 1, 0, 7, 0, 0, 0, 7, 0, 0, 0, 7, 0, 0, 0, 7, 0, 0, 0, 7, 0, 0, 0, 4, 63, 0, 0, 7, 0, 0, 0, 7, 0, 0, 0, 7, 0, 0, 0]"
82,"[7, 0, 0, 0, 3, 0, 0, 0, 1, 4, 0, 0, 7, 0, 0, 0, 8, 3, 2, 0, 1, 4, 0, 0, 0, 25, 0, 1, 4, 8, 1, 0, 4, 143, 0, 0, 7, 0, 0, 0, 7, 0, 0, 0, 4, 125, 1, 0]"
83,"[2, 0, 0, 0, 2, 1, 0, 0, 3, 0, 0, 0, 0, 19, 0, 3, 6, 18, 0, 0, 8, 1, 1, 0, 6, 12, 1, 1, 7, 0, 0, 0, 3, 0, 0, 0, 8, 2, 1, 0, 3, 0, 0, 0, 6, 24, 1, 3]"
84,"[4, 122, 1, 0, 7, 0, 0, 0, 4, 316, 1, 0, 7, 0, 0, 0, 7, 0, 0, 0, 7, 0, 0, 0, 7, 0, 0, 0, 7, 0, 0, 0, 7, 0, 0, 0, 7, 0, 0, 0, 7, 0, 0, 0, 7, 0, 0, 0]"
85,"[4, 482, 3, 0, 7, 0, 0, 0, 7, 0, 0, 0, 4, 282, 0, 0, 7, 0, 0, 0, 7, 0, 0, 0, 1, 4, 0, 0, 7, 0, 0, 0, 7, 0, 0, 0, 7, 0, 0, 0, 7, 0, 0, 0, 7, 0, 0, 0]"
86,"[2, 1, 0, 0, 7, 0, 0, 0, 8, 1, 1, 0, 7, 0, 0, 0, 3, 0, 0, 0, 7, 0, 0, 0, 2, 1, 0, 0, 2, 0, 0, 0, 8, 2, 2, 0, 0, 18, 1, 0, 0, 9, 1, 3, 8, 2, 2, 0]"
87,"[8, 0, 2, 0, 1, 4, 0, 0, 8, 2, 2, 0, 2, 0, 0, 0, 7, 0, 0, 0, 7, 0, 0, 0, 1, 4, 0, 0, 1, 4, 0, 0, 2, 1, 0, 0, 7, 0, 0, 0, 0, 30, 0, 0, 2, 1, 0, 0]"
88,"[0, 14, 0, 1, 8, 1, 2, 0, 0, 12, 1, 0, 5, 0, 0, 0, 7, 0, 0, 0, 1, 4, 0, 0, 3, 0, 0, 0, 7, 0, 0, 0, 7, 0, 0, 0, 3, 0, 0, 0, 7, 0, 0, 0, 7, 0, 0, 0]"
89,"[6, 12, 0, 0, 0, 5, 0, 0, 4, 432, 1, 0, 7, 0, 0, 0, 7, 0, 0, 0, 1, 4, 0, 0, 7, 0, 0, 0, 7, 0, 0, 0, 7, 0, 0, 0, 7, 0, 0, 0, 7, 0, 0, 0, 7, 0, 0, 0]"
90,"[7, 0, 0, 0, 6, 16, 1, 3, 7, 0, 0, 0, 3, 0, 0, 0, 8, 2, 1, 0, 4, 55, 0, 0, 7, 0, 0, 0, 7, 0, 0, 0, 7, 0, 0, 0, 7, 0, 0, 0, 7, 0, 0, 0, 1, 4, 0, 0]"
91,"[1, 4, 0, 0, 0, 28, 1, 0, 0, 26, 1, 3, 0, 19, 1, 0, 2, 0, 0, 0, 7, 0, 0, 0, 4, 39, 3, 0, 7, 0, 0, 0, 1, 4, 0, 0, 7, 0, 0, 0, 1, 4, 0, 0, 7, 0, 0, 0]"
92,"[7, 0, 0, 0, 4, 359, 1, 0, 4, 192, 0, 0, 1, 4, 0, 0, 4, 69, 1, 0, 7, 0, 0, 0, 7, 0, 0, 0, 7, 0, 0, 0, 7, 0, 0, 0, 7, 0, 0, 0, 7, 0, 0, 0, 7, 0, 0, 0]"
93,"[7, 0, 0, 0, 2, 0, 0, 0, 0, 7, 1, 3, 1, 7, 0, 0, 3, 0, 0, 0, 7, 0, 0, 0, 8, 3, 2, 0, 4, 336, 3, 0, 7, 0, 0, 0, 7, 0, 0, 0, 7, 0, 0, 0, 7, 0, 0, 0]"
94,"[8, 0, 1, 0, 1, 4, 0, 0, 3, 0, 0, 0, 1, 4, 0, 0, 1, 4, 0, 0, 7, 0, 0, 0, 0, 28, 0, 0, 3, 0, 0, 0, 7, 0, 0, 0, 0, 14, 1, 0, 8, 3, 1, 0, 7, 0, 0, 0]"
95,"[4, 93, 1, 0, 7, 0, 0, 0, 4, 103, 1, 0, 7, 0, 0, 0, 7, 0, 0, 0, 7, 0, 0, 0, 7, 0, 0, 0, 7, 0, 0, 0, 7, 0, 0, 0, 7, 0, 0, 0, 1, 4, 0, 0, 7, 0, 0, 0]"
96,"[2, 0, 0, 0, 0, 14, 0, 1, 7, 0, 0, 0, 6, 15, 1, 3, 3, 0, 0, 0, 2, 1, 0, 0, 0, 28, 0, 1, 1, 28, 0, 0, 8, 2, 2, 0, 0, 29, 1, 3, 2, 0, 0, 0, 2, 1, 0, 0]"
97,"[3, 0, 0, 0, 2, 1, 0, 0, 7, 0, 0, 0, 6, 25, 1, 1, 7, 0, 0, 0, 0, 15, 0, 3, 7, 0, 0, 0, 5, 0, 0, 0, 7, 0, 0, 0, 3, 0, 0, 0, 7, 0, 0, 0, 4, 318, 1, 0]"
98,"[8, 0, 2, 0, 2, 0, 0, 0, 2, 1, 0, 0, 6, 22, 0, 3, 7, 0, 0, 0, 8, 3, 1, 0, 3, 0, 0, 0, 2, 1, 0, 0, 7, 0, 0, 0, 0, 16, 1, 1, 0, 5, 0, 0, 2, 1, 0, 0]"
99,"[1, 4, 0, 0, 8, 1, 1, 0, 2, 1, 0, 0, 7, 0, 0, 0, 4, 153, 0, 0, 1, 4, 0, 0, 7, 0, 0, 0, 7, 0, 0, 0, 7, 0, 0, 0, 7, 0, 0, 0, 7, 0, 0, 0, 7, 0, 0, 0]"
100,"[6, 9, 1, 1, 8, 1, 2, 0, 4, 401, 3, 0, 7, 0, 0, 0, 4, 30, 0, 0, 7, 0, 0, 0, 7, 0, 0, 0, 7, 0, 0, 0, 7, 0, 0, 0, 7, 0, 0, 0, 7, 0, 0, 0, 7, 0, 0, 0]"
101,"[7, 0, 0, 0, 2, 1, 0, 0, 1, 4, 0, 0, 4, 416, 0, 0, 7, 0, 0, 0, 7, 0, 0, 0, 7, 0, 0, 0, 7, 0, 0, 0, 7, 0, 0, 0, 7, 0, 0, 0, 7, 0, 0, 0, 7, 0, 0, 0]"
102,"[7, 0, 0, 0, 6, 7, 1, 0, 6, 12, 0, 0, 1, 12, 0, 0, 7, 0, 0, 0, 0, 13, 0, 0, 1, 13, 0, 0, 6, 10, 1, 3, 2, 1, 0, 0, 1, 4, 0, 0, 4, 152, 1, 0, 7, 0, 0, 0]"
103,"[6, 20, 1, 1, 8, 1, 2, 0, 1, 4, 0, 0, 8, 3, 2, 0, 3, 0, 0, 0, 1, 4, 0, 0, 0, 29, 0, 3, 8, 2, 2, 0, 8, 1, 1, 0, 7, 0, 0, 0, 7, 0, 0, 0, 0, 21, 1, 3]"
104,"[6, 10, 1, 1, 8, 1, 1, 0, 3, 0, 0, 0, 3, 0, 0, 0, 2, 0, 0, 0, 7, 0, 0, 0, 7, 0, 0, 0, 8, 3, 2, 0, 2, 0, 0, 0, 7, 0, 0, 0, 3, 0, 0, 0, 5, 0, 0, 0]"
105,"[0, 8, 0, 0, 6, 31, 1, 0, 7, 0, 0, 0, 2, 1, 0, 0, 3, 0, 0, 0, 0, 12, 1, 1, 7, 0, 0, 0, 0, 13, 1, 0, 3, 0, 0, 0, 8, 1, 2, 0, 8, 3, 1, 0, 0, 8, 1, 1]"
106,"[8, 0, 2, 0, 7, 0, 0, 0, 2, 1, 0, 0, 3, 0, 0, 0, 0, 8, 1, 0, 7, 0, 0, 0, 3, 0, 0, 0, 4, 358, 1, 0, 1, 4, 0, 0, 7, 0, 0, 0, 7, 0, 0, 0, 1, 4, 0, 0]"
107,"[3, 0, 0, 0, 6, 21, 0, 3, 8, 1, 1, 0, 7, 0, 0, 0, 2, 1, 0, 0, 0, 11, 0, 1, 2, 0, 0, 0, 7, 0, 0, 0, 6, 20, 0, 3, 0, 7, 1, 0, 1, 7, 0, 0, 7, 0, 0, 0]"
108,"[6, 25, 0, 1, 7, 0, 0, 0, 2, 1, 0, 0, 2, 0, 0, 0, 7, 0, 0, 0, 5, 0, 0, 0, 4, 144, 3, 0, 4, 489, 3, 0, 7, 0, 0, 0, 7, 0, 0, 0, 7, 0, 0, 0, 7, 0, 0, 0]"
109,"[7, 0, 0, 0, 3, 0, 0, 0, 0, 20, 1, 3, 6, 7, 0, 1, 7, 0, 0, 0, 7, 0, 0, 0, 8, 1, 2, 0, 1, 4, 0, 0, 7, 0, 0, 0, 3, 0, 0, 0, 2, 1, 0, 0, 4, 164, 1, 0]"
110,"[7, 0, 0, 0, 6, 22, 0, 3, 4, 463, 1, 0, 7, 0, 0, 0, 7, 0, 0, 0, 7, 0, 0, 0, 7, 0, 0, 0, 7, 0, 0, 0, 1, 4, 0, 0, 7, 0, 0, 0, 7, 0, 0, 0, 7, 0, 0, 0]"
111,"[7, 0, 0, 0, 4, 480, 3, 0, 7, 0, 0, 0, 4, 141, 3, 0, 7, 0, 0, 0, 7, 0, 0, 0, 7, 0, 0, 0, 7, 0, 0, 0, 7, 0, 0, 0, 7, 0, 0, 0, 7, 0, 0, 0, 7, 0, 0, 0]"
112,"[0, 7, 0, 3, 7, 0, 0, 0, 4, 92, 1, 0, 7, 0, 0, 0, 4, 388, 3, 0, 7, 0, 0, 0, 7, 0, 0, 0, 1, 4, 0, 0, 7, 0, 0, 0, 4, 11, 3, 0, 7, 0, 0, 0, 7, 0, 0, 0]"
113,"[7, 0, 0, 0, 7, 0, 0, 0, 2, 0, 0, 0, 1, 4, 0, 0, 1, 4, 0, 0, 3, 0, 0, 0, 7, 0, 0, 0, 7, 0, 0, 0, 7, 0, 0, 0, 7, 0, 0, 0, 2, 1, 0, 0, 4, 137, 0, 0]"
114,"[3, 0, 0, 0, 0, 27, 0, 0, 6, 17, 1, 1, 0, 11, 1, 3, 4, 173, 0, 0, 7, 0, 0, 0, 7, 0, 0, 0, 7, 0, 0, 0, 7, 0, 0, 0, 7, 0, 0, 0, 7, 0, 0, 0, 7, 0, 0, 0]"
115,"[1, 4, 0, 0, 3, 0, 0, 0, 3, 0, 0, 0, 6, 30, 0, 3, 7, 0, 0, 0, 1, 4, 0, 0, 3, 0, 0, 0, 7, 0, 0, 0, 2, 1, 0, 0, 1, 4, 0, 0, 6, 10, 1, 3, 4, 339, 1, 0]"
116,"[8, 0, 1, 0, 4, 239, 3, 0, 4, 127, 3, 0, 7, 0, 0, 0, 7, 0, 0, 0, 7, 0, 0, 0, 7, 0, 0, 0, 7, 0, 0, 0, 7, 0, 0, 0, 7, 0, 0, 0, 7, 0, 0, 0, 7, 0, 0, 0]"
117,"[0, 26, 0, 1, 3, 0, 0, 0, 3, 0, 0, 0, 1, 4, 0, 0, 2, 1, 0, 0, 6, 17, 0, 3, 7, 0, 0, 0, 5, 0, 0, 0, 4, 62, 0, 0, 1, 4, 0, 0, 1, 4, 0, 0, 7, 0, 0, 0]"
118,"[3, 0, 0, 0, 4, 10, 0, 0, 7, 0, 0, 0, 7, 0, 0, 0, 7, 0, 0, 0, 7, 0, 0, 0, 7, 0, 0, 0, 1, 4, 0, 0, 7, 0, 0, 0, 7, 0, 0, 0, 7, 0, 0, 0, 7, 0, 0, 0]"
119,"[6, 29, 0, 3, 1, 29, 0, 0, 0, 9, 0, 3, 1, 9, 0, 0, 4, 38, 1, 0, 7, 0, 0, 0, 4, 211, 3, 0, 7, 0, 0, 0, 7, 0, 0, 0, 7, 0, 0, 0, 4, 284, 0, 0, 7, 0, 0, 0]"
120,"[6, 6, 0, 1, 8, 1, 1, 0, 7, 0, 0, 0, 1, 4, 0, 0, 2, 1, 0, 0, 7, 0, 0, 0, 8, 1, 2, 0, 7, 0, 0, 0, 3, 0, 0, 0, 4, 273, 0, 0, 7, 0, 0, 0, 7, 0, 0, 0]"
121,"[7, 0, 0, 0, 7, 0, 0, 0, 2, 1, 0, 0, 4, 117, 3, 0, 7, 0, 0, 0, 7, 0, 0, 0, 7, 0, 0, 0, 1, 4, 0, 0, 7, 0, 0, 0, 7, 0, 0, 0, 4, 207, 3, 0, 7, 0, 0, 0]"
122,"[6, 30, 0, 3, 3, 0, 0, 0, 3, 0, 0, 0, 7, 0, 0, 0, 0, 7, 0, 3, 1, 7, 0, 0, 0, 15, 1, 0, 3, 0, 0, 0, 0, 25, 1, 1, 1, 25, 0, 0, 7, 0, 0, 0, 4, 276, 0, 0]"
123,"[2, 0, 0, 0, 0, 23, 1, 3, 5, 0, 0, 0, 4, 435, 3, 0, 7, 0, 0, 0, 7, 0, 0, 0, 4, 431, 1, 0, 7, 0, 0, 0, 7, 0, 0, 0, 7, 0, 0, 0, 7, 0, 0, 0, 1, 4, 0, 0]"
124,"[4, 345, 1, 0, 7, 0, 0, 0, 7, 0, 0, 0, 7, 0, 0, 0, 7, 0, 0, 0, 7, 0, 0, 0, 7, 0, 0, 0, 7, 0, 0, 0, 7, 0, 0, 0, 7, 0, 0, 0, 7, 0, 0, 0, 7, 0, 0, 0]"
125,"[7, 0, 0, 0, 0, 10, 1, 0, 1, 10, 0, 0, 5, 0, 0, 0, 4, 45, 3, 0, 7, 0, 0, 0, 7, 0, 0, 0, 7, 0, 0, 0, 7, 0, 0, 0, 1, 4, 0, 0, 7, 0, 0, 0, 7, 0, 0, 0]"
126,"[5, 0, 0, 0, 4, 345, 0, 0, 7, 0, 0, 0, 7, 0, 0, 0, 7, 0, 0, 0, 4, 232, 3, 0, 7, 0, 0, 0, 7, 0, 0, 0, 7, 0, 0, 0, 7, 0, 0, 0, 7, 0, 0, 0, 7, 0, 0, 0]"
127,"[3, 0, 0, 0, 7, 0, 0, 0, 6, 16, 1, 0, 8, 1, 2, 0, 1, 4, 0, 0, 1, 4, 0, 0, 1, 4, 0, 0, 8, 3, 1, 0, 6, 25, 0, 3, 7, 0, 0, 0, 8, 1, 2, 0, 1, 4, 0, 0]"
128,"[8, 0, 1, 0, 7, 0, 0, 0, 3, 0, 0, 0, 0, 18, 0, 1, 8, 1, 2, 0, 2, 1, 0, 0, 0, 6, 0, 1, 2, 1, 0, 0, 1, 4, 0, 0, 2, 1, 0, 0, 3, 0, 0, 0, 1, 4, 0, 0]"
129,"[1, 4, 0, 0, 0, 12, 1, 0, 8, 1, 1, 0, 0, 30, 0, 3, 0, 8, 0, 1, 4, 495, 3, 0, 7, 0, 0, 0, 7, 0, 0, 0, 7, 0, 0, 0, 7, 0, 0, 0, 7, 0, 0, 0, 7, 0, 0, 0]"
130,"[2, 0, 0, 0, 1, 4, 0, 0, 0, 31, 0, 0, 7, 0, 0, 0, 1, 4, 0, 0, 1, 4, 0, 0, 4, 232, 1, 0, 4, 116, 3, 0, 7, 0, 0, 0, 7, 0, 0, 0, 1, 4, 0, 0, 7, 0, 0, 0]"
131,"[8, 0, 2, 0, 7, 0, 0, 0, 4, 262, 3, 0, 7, 0, 0, 0, 1, 4, 0, 0, 1, 4, 0, 0, 7, 0, 0, 0, 4, 454, 0, 0, 7, 0, 0, 0, 7, 0, 0, 0, 1, 4, 0, 0, 7, 0, 0, 0]"
132,"[0, 5, 1, 3, 4, 227, 0, 0, 7, 0, 0, 0, 7, 0, 0, 0, 7, 0, 0, 0, 7, 0, 0, 0, 7, 0, 0, 0, 7, 0, 0, 0, 4, 396, 0, 0, 1, 4, 0, 0, 7, 0, 0, 0, 7, 0, 0, 0]"
133,"[0, 13, 1, 1, 7, 0, 0, 0, 2, 1, 0, 0, 3, 0, 0, 0, 6, 8, 1, 1, 8, 3, 1, 0, 1, 4, 0, 0, 7, 0, 0, 0, 1, 4, 0, 0, 6, 6, 0, 1, 6, 16, 0, 3, 7, 0, 0, 0]"
134,"[0, 15, 0, 1, 8, 1, 1, 0, 1, 4, 0, 0, 3, 0, 0, 0, 7, 0, 0, 0, 0, 9, 0, 3, 1, 9, 0, 0, 4, 257, 1, 0, 7, 0, 0, 0, 7, 0, 0, 0, 7, 0, 0, 0, 7, 0, 0, 0]"
135,"[1, 4, 0, 0, 1, 4, 0, 0, 2, 0, 0, 0, 7, 0, 0, 0, 6, 23, 1, 1, 8, 1, 2, 0, 1, 4, 0, 0, 7, 0, 0, 0, 1, 4, 0, 0, 8, 3, 1, 0, 4, 407, 3, 0, 7, 0, 0, 0]"
136,"[7, 0, 0, 0, 4, 332, 0, 0, 7, 0, 0, 0, 7, 0, 0, 0, 7, 0, 0, 0, 7, 0, 0, 0, 7, 0, 0, 0, 7, 0, 0, 0, 7, 0, 0, 0, 7, 0, 0, 0, 7, 0, 0, 0, 1, 4, 0, 0]"
137,"[1, 4, 0, 0, 3, 0, 0, 0, 7, 0, 0, 0, 0, 19, 0, 3, 2, 1, 0, 0, 1, 4, 0, 0, 4, 106, 3, 0, 1, 4, 0, 0, 7, 0, 0, 0, 7, 0, 0, 0, 4, 347, 3, 0, 7, 0, 0, 0]"
138,"[8, 0, 2, 0, 8, 1, 2, 0, 6, 8, 1, 0, 0, 16, 1, 1, 6, 7, 1, 0, 8, 2, 1, 0, 4, 216, 3, 0, 7, 0, 0, 0, 1, 4, 0, 0, 7, 0, 0, 0, 7, 0, 0, 0, 7, 0, 0, 0]"
139,"[0, 24, 1, 1, 6, 7, 0, 0, 6, 7, 0, 0, 4, 312, 3, 0, 7, 0, 0, 0, 4, 369, 1, 0, 7, 0, 0, 0, 7, 0, 0, 0, 7, 0, 0, 0, 7, 0, 0, 0, 7, 0, 0, 0, 1, 4, 0, 0]"
140,"[7, 0, 0, 0, 2, 1, 0, 0, 3, 0, 0, 0, 2, 1, 0, 0, 3, 0, 0, 0, 8, 1, 2, 0, 7, 0, 0, 0, 2, 1, 0, 0, 7, 0, 0, 0, 1, 4, 0, 0, 4, 288, 3, 0, 7, 0, 0, 0]"
141,"[8, 0, 2, 0, 7, 0, 0, 0, 1, 4, 0, 0, 1, 4, 0, 0, 0, 23, 1, 3, 5, 0, 0, 0, 4, 428, 3, 0, 7, 0, 0, 0, 1, 4, 0, 0, 7, 0, 0, 0, 1, 4, 0, 0, 7, 0, 0, 0]"
142,"[8, 0, 1, 0, 6, 9, 1, 1, 6, 13, 1, 0, 8, 3, 2, 0, 0, 18, 1, 0, 4, 333, 1, 0, 7, 0, 0, 0, 7, 0, 0, 0, 7, 0, 0, 0, 7, 0, 0, 0, 7, 0, 0, 0, 7, 0, 0, 0]"
143,"[5, 0, 0, 0, 4, 294, 0, 0, 1, 4, 0, 0, 7, 0, 0, 0, 7, 0, 0, 0, 7, 0, 0, 0, 1, 4, 0, 0, 7, 0, 0, 0, 7, 0, 0, 0, 7, 0, 0, 0, 7, 0, 0, 0, 7, 0, 0, 0]"
144,"[4, 403, 3, 0, 7, 0, 0, 0, 7, 0, 0, 0, 7, 0, 0, 0, 1, 4, 0, 0, 7, 0, 0, 0, 7, 0, 0, 0, 4, 362, 1, 0, 1, 4, 0, 0, 1, 4, 0, 0, 7, 0, 0, 0, 7, 0, 0, 0]"
145,"[8, 0, 1, 0, 7, 0, 0, 0, 1, 4, 0, 0, 4, 464, 0, 0, 7, 0, 0, 0, 7, 0, 0, 0, 7, 0, 0, 0, 1, 4, 0, 0, 7, 0, 0, 0, 7, 0, 0, 0, 7, 0, 0, 0, 7, 0, 0, 0]"
146,"[7, 0, 0, 0, 6, 29, 0, 3, 7, 0, 0, 0, 4, 472, 0, 0, 7, 0, 0, 0, 7, 0, 0, 0, 7, 0, 0, 0, 1, 4, 0, 0, 4, 141, 0, 0, 7, 0, 0, 0, 7, 0, 0, 0, 4, 245, 0, 0]"
147,"[7, 0, 0, 0, 3, 0, 0, 0, 1, 4, 0, 0, 0, 12, 1, 1, 6, 29, 0, 0, 7, 0, 0, 0, 7, 0, 0, 0, 7, 0, 0, 0, 5, 0, 0, 0, 7, 0, 0, 0, 1, 4, 0, 0, 7, 0, 0, 0]"
148,"[7, 0, 0, 0, 7, 0, 0, 0, 7, 0, 0, 0, 2, 0, 0, 0, 7, 0, 0, 0, 7, 0, 0, 0, 5, 0, 0, 0, 7, 0, 0, 0, 7, 0, 0, 0, 8, 2, 2, 0, 7, 0, 0, 0, 4, 336, 3, 0]"
149,"[7, 0, 0, 0, 7, 0, 0, 0, 0, 19, 0, 1, 6, 15, 1, 3, 7, 0, 0, 0, 3, 0, 0, 0, 8, 1, 2, 0, 4, 161, 1, 0, 7, 0, 0, 0, 7, 0, 0, 0, 7, 0, 0, 0, 7, 0, 0, 0]"
150,"[0, 22, 0, 0, 4, 121, 3, 0, 7, 0, 0, 0, 7, 0, 0, 0, 4, 296, 0, 0, 7, 0, 0, 0, 7, 0, 0, 0, 7, 0, 0, 0, 7, 0, 0, 0, 4, 160, 1, 0, 7, 0, 0, 0, 7, 0, 0, 0]"
151,"[2, 1, 0, 0, 8, 1, 1, 0, 8, 2, 1, 0, 4, 77, 3, 0, 7, 0, 0, 0, 7, 0, 0, 0, 7, 0, 0, 0, 7, 0, 0, 0, 7, 0, 0, 0, 1, 4, 0, 0, 7, 0, 0, 0, 7, 0, 0, 0]"
152,"[7, 0, 0, 0, 8, 1, 1, 0, 2, 1, 0, 0, 1, 4, 0, 0, 1, 4, 0, 0, 7, 0, 0, 0, 6, 26, 0, 1, 4, 329, 1, 0, 1, 4, 0, 0, 4, 241, 3, 0, 7, 0, 0, 0, 7, 0, 0, 0]"
153,"[7, 0, 0, 0, 4, 246, 1, 0, 7, 0, 0, 0, 7, 0, 0, 0, 7, 0, 0, 0, 7, 0, 0, 0, 7, 0, 0, 0, 7, 0, 0, 0, 7, 0, 0, 0, 7, 0, 0, 0, 7, 0, 0, 0, 7, 0, 0, 0]"
154,"[2, 0, 0, 0, 2, 0, 0, 0, 6, 9, 1, 1, 2, 1, 0, 0, 1, 4, 0, 0, 7, 0, 0, 0, 6, 15, 0, 0, 4, 426, 1, 0, 7, 0, 0, 0, 7, 0, 0, 0, 7, 0, 0, 0, 7, 0, 0, 0]"
155,"[3, 0, 0, 0, 4, 422, 1, 0, 1, 4, 0, 0, 7, 0, 0, 0, 7, 0, 0, 0, 7, 0, 0, 0, 7, 0, 0, 0, 4, 84, 1, 0, 7, 0, 0, 0, 7, 0, 0, 0, 7, 0, 0, 0, 7, 0, 0, 0]"
156,"[4, 508, 0, 0, 7, 0, 0, 0, 7, 0, 0, 0, 7, 0, 0, 0, 7, 0, 0, 0, 1, 4, 0, 0, 7, 0, 0, 0, 7, 0, 0, 0, 7, 0, 0, 0, 4, 497, 0, 0, 1, 4, 0, 0, 7, 0, 0, 0]"
157,"[1, 4, 0, 0, 1, 4, 0, 0, 7, 0, 0, 0, 2, 1, 0, 0, 1, 4, 0, 0, 3, 0, 0, 0, 8, 1, 1, 0, 2, 1, 0, 0, 4, 68, 0, 0, 7, 0, 0, 0, 7, 0, 0, 0, 7, 0, 0, 0]"
158,"[7, 0, 0, 0, 0, 12, 0, 3, 7, 0, 0, 0, 6, 20, 1, 0, 8, 2, 2, 0, 4, 19, 0, 0, 4, 222, 3, 0, 4, 17, 1, 0, 7, 0, 0, 0, 7, 0, 0, 0, 7, 0, 0, 0, 7, 0, 0, 0]"
159,"[2, 0, 0, 0, 1, 4, 0, 0, 6, 4, 0, 3, 4, 67, 1, 0, 7, 0, 0, 0, 7, 0, 0, 0, 7, 0, 0, 0, 7, 0, 0, 0, 7, 0, 0, 0, 7, 0, 0, 0, 7, 0, 0, 0, 7, 0, 0, 0]"
160,"[2, 0, 0, 0, 8, 1, 1, 0, 6, 24, 1, 3, 6, 16, 0, 1, 3, 0, 0, 0, 6, 17, 0, 0, 8, 3, 2, 0, 1, 4, 0, 0, 1, 4, 0, 0, 7, 0, 0, 0, 1, 4, 0, 0, 4, 87, 0, 0]"
161,"[2, 1, 0, 0, 5, 0, 0, 0, 7, 0, 0, 0, 3, 0, 0, 0, 3, 0, 0, 0, 7, 0, 0, 0, 4, 474, 1, 0, 1, 4, 0, 0, 7, 0, 0, 0, 7, 0, 0, 0, 4, 253, 0, 0, 7, 0, 0, 0]"
162,"[4, 494, 1, 0, 7, 0, 0, 0, 4, 151, 3, 0, 7, 0, 0, 0, 1, 4, 0, 0, 7, 0, 0, 0, 7, 0, 0, 0, 7, 0, 0, 0, 4, 329, 1, 0, 7, 0, 0, 0, 7, 0, 0, 0, 7, 0, 0, 0]"
163,"[4, 408, 0, 0, 7, 0, 0, 0, 7, 0, 0, 0, 7, 0, 0, 0, 7, 0, 0, 0, 1, 4, 0, 0, 7, 0, 0, 0, 7, 0, 0, 0, 7, 0, 0, 0, 7, 0, 0, 0, 7, 0, 0, 0, 7, 0, 0, 0]"
164,"[1, 4, 0, 0, 1, 4, 0, 0, 2, 1, 0, 0, 5, 0, 0, 0, 4, 508, 3, 0, 7, 0, 0, 0, 7, 0, 0, 0, 7, 0, 0, 0, 7, 0, 0, 0, 7, 0, 0, 0, 7, 0, 0, 0, 1, 4, 0, 0]"
165,"[6, 21, 1, 1, 1, 21, 0, 0, 6, 21, 1, 1, 7, 0, 0, 0, 8, 3, 1, 0, 4, 377, 0, 0, 1, 4, 0, 0, 7, 0, 0, 0, 7, 0, 0, 0, 7, 0, 0, 0, 7, 0, 0, 0, 7, 0, 0, 0]"
166,"[7, 0, 0, 0, 3, 0, 0, 0, 8, 2, 2, 0, 4, 126, 3, 0, 7, 0, 0, 0, 4, 483, 1, 0, 1, 4, 0, 0, 7, 0, 0, 0, 7, 0, 0, 0, 7, 0, 0, 0, 4, 175, 0, 0, 1, 4, 0, 0]"
167,"[2, 1, 0, 0, 2, 1, 0, 0, 7, 0, 0, 0, 2, 1, 0, 0, 4, 358, 3, 0, 7, 0, 0, 0, 7, 0, 0, 0, 4, 322, 0, 0, 4, 205, 3, 0, 7, 0, 0, 0, 7, 0, 0, 0, 7, 0, 0, 0]"
168,"[3, 0, 0, 0, 1, 4, 0, 0, 6, 12, 1, 0, 7, 0, 0, 0, 7, 0, 0, 0, 3, 0, 0, 0, 0, 13, 1, 3, 7, 0, 0, 0, 0, 9, 0, 3, 3, 0, 0, 0, 3, 0, 0, 0, 7, 0, 0, 0]"
169,"[7, 0, 0, 0, 5, 0, 0, 0, 7, 0, 0, 0, 7, 0, 0, 0, 8, 2, 2, 0, 7, 0, 0, 0, 1, 4, 0, 0, 4, 273, 1, 0, 7, 0, 0, 0, 7, 0, 0, 0, 7, 0, 0, 0, 7, 0, 0, 0]"
170,"[2, 0, 0, 0, 1, 4, 0, 0, 8, 1, 1, 0, 8, 3, 1, 0, 2, 0, 0, 0, 3, 0, 0, 0, 7, 0, 0, 0, 6, 15, 0, 1, 0, 29, 1, 1, 1, 29, 0, 0, 8, 3, 2, 0, 2, 1, 0, 0]"
171,"[6, 29, 1, 0, 2, 1, 0, 0, 7, 0, 0, 0, 0, 18, 0, 0, 8, 2, 1, 0, 6, 13, 0, 0, 7, 0, 0, 0, 8, 2, 2, 0, 2, 0, 0, 0, 4, 373, 0, 0, 1, 4, 0, 0, 7, 0, 0, 0]"
172,"[7, 0, 0, 0, 3, 0, 0, 0, 1, 4, 0, 0, 1, 4, 0, 0, 1, 4, 0, 0, 4, 464, 1, 0, 7, 0, 0, 0, 7, 0, 0, 0, 7, 0, 0, 0, 7, 0, 0, 0, 7, 0, 0, 0, 7, 0, 0, 0]"
173,"[6, 4, 1, 1, 0, 25, 1, 0, 7, 0, 0, 0, 3, 0, 0, 0, 1, 4, 0, 0, 0, 4, 1, 3, 4, 124, 3, 0, 7, 0, 0, 0, 7, 0, 0, 0, 7, 0, 0, 0, 7, 0, 0, 0, 7, 0, 0, 0]"
174,"[8, 0, 2, 0, 1, 4, 0, 0, 8, 2, 1, 0, 8, 1, 1, 0, 8, 1, 1, 0, 6, 18, 0, 1, 2, 0, 0, 0, 3, 0, 0, 0, 6, 30, 1, 1, 7, 0, 0, 0, 2, 1, 0, 0, 3, 0, 0, 0]"
175,"[0, 10, 0, 3, 7, 0, 0, 0, 8, 1, 2, 0, 6, 7, 1, 1, 4, 292, 0, 0, 7, 0, 0, 0, 1, 4, 0, 0, 7, 0, 0, 0, 7, 0, 0, 0, 1, 4, 0, 0, 7, 0, 0, 0, 7, 0, 0, 0]"
176,"[4, 405, 0, 0, 7, 0, 0, 0, 7, 0, 0, 0, 7, 0, 0, 0, 7, 0, 0, 0, 1, 4, 0, 0, 4, 154, 3, 0, 7, 0, 0, 0, 7, 0, 0, 0, 1, 4, 0, 0, 7, 0, 0, 0, 7, 0, 0, 0]"
177,"[6, 31, 0, 1, 7, 0, 0, 0, 1, 4, 0, 0, 5, 0, 0, 0, 4, 206, 3, 0, 1, 4, 0, 0, 7, 0, 0, 0, 7, 0, 0, 0, 7, 0, 0, 0, 1, 4, 0, 0, 7, 0, 0, 0, 1, 4, 0, 0]"
178,"[7, 0, 0, 0, 1, 4, 0, 0, 3, 0, 0, 0, 1, 4, 0, 0, 7, 0, 0, 0, 2, 0, 0, 0, 7, 0, 0, 0, 0, 14, 1, 0, 4, 415, 0, 0, 7, 0, 0, 0, 1, 4, 0, 0, 7, 0, 0, 0]"
179,"[7, 0, 0, 0, 3, 0, 0, 0, 0, 5, 0, 3, 5, 0, 0, 0, 7, 0, 0, 0, 8, 1, 1, 0, 4, 263, 3, 0, 7, 0, 0, 0, 7, 0, 0, 0, 7, 0, 0, 0, 7, 0, 0, 0, 7, 0, 0, 0]"
180,"[4, 74, 3, 0, 7, 0, 0, 0, 7, 0, 0, 0, 7, 0, 0, 0, 7, 0, 0, 0, 7, 0, 0, 0, 7, 0, 0, 0, 7, 0, 0, 0, 7, 0, 0, 0, 7, 0, 0, 0, 7, 0, 0, 0, 7, 0, 0, 0]"
181,"[0, 6, 0, 0, 2, 1, 0, 0, 0, 31, 1, 3, 1, 31, 0, 0, 1, 4, 0, 0, 4, 198, 1, 0, 1, 4, 0, 0, 7, 0, 0, 0, 7, 0, 0, 0, 7, 0, 0, 0, 4, 481, 3, 0, 7, 0, 0, 0]"
182,"[1, 4, 0, 0, 7, 0, 0, 0, 2, 1, 0, 0, 8, 1, 2, 0, 2, 0, 0, 0, 6, 20, 0, 1, 8, 2, 2, 0, 1, 4, 0, 0, 6, 11, 1, 0, 6, 17, 1, 3, 0, 17, 1, 3, 4, 382, 1, 0]"
183,"[3, 0, 0, 0, 7, 0, 0, 0, 1, 4, 0, 0, 2, 1, 0, 0, 7, 0, 0, 0, 3, 0, 0, 0, 1, 4, 0, 0, 6, 19, 0, 3, 1, 19, 0, 0, 6, 9, 1, 3, 4, 412, 3, 0, 7, 0, 0, 0]"
184,"[0, 25, 0, 1, 6, 16, 0, 0, 0, 7, 0, 3, 2, 1, 0, 0, 5, 0, 0, 0, 7, 0, 0, 0, 7, 0, 0, 0, 7, 0, 0, 0, 7, 0, 0, 0, 7, 0, 0, 0, 7, 0, 0, 0, 3, 0, 0, 0]"
185,"[1, 4, 0, 0, 8, 1, 2, 0, 0, 10, 0, 1, 5, 0, 0, 0, 4, 278, 1, 0, 4, 435, 3, 0, 7, 0, 0, 0, 7, 0, 0, 0, 7, 0, 0, 0, 7, 0, 0, 0, 1, 4, 0, 0, 7, 0, 0, 0]"
186,"[4, 424, 3, 0, 7, 0, 0, 0, 7, 0, 0, 0, 4, 245, 3, 0, 7, 0, 0, 0, 4, 342, 3, 0, 7, 0, 0, 0, 7, 0, 0, 0, 7, 0, 0, 0, 7, 0, 0, 0, 1, 4, 0, 0, 7, 0, 0, 0]"
187,"[1, 4, 0, 0, 0, 17, 0, 0, 1, 17, 0, 0, 6, 7, 0, 3, 6, 9, 0, 3, 0, 29, 1, 1, 2, 1, 0, 0, 6, 6, 0, 1, 0, 21, 0, 3, 7, 0, 0, 0, 1, 4, 0, 0, 0, 13, 0, 3]"
188,"[2, 0, 0, 0, 1, 4, 0, 0, 8, 1, 2, 0, 8, 2, 2, 0, 6, 16, 1, 1, 3, 0, 0, 0, 0, 24, 1, 1, 8, 2, 1, 0, 3, 0, 0, 0, 0, 15, 0, 3, 0, 18, 0, 3, 7, 0, 0, 0]"
189,"[0, 6, 1, 1, 6, 15, 1, 3, 4, 349, 3, 0, 1, 4, 0, 0, 7, 0, 0, 0, 7, 0, 0, 0, 4, 252, 0, 0, 1, 4, 0, 0, 7, 0, 0, 0, 7, 0, 0, 0, 7, 0, 0, 0, 7, 0, 0, 0]"
190,"[6, 23, 0, 3, 4, 14, 1, 0, 7, 0, 0, 0, 7, 0, 0, 0, 7, 0, 0, 0, 7, 0, 0, 0, 7, 0, 0, 0, 1, 4, 0, 0, 7, 0, 0, 0, 7, 0, 0, 0, 7, 0, 0, 0, 4, 509, 1, 0]"
191,"[3, 0, 0, 0, 0, 22, 0, 0, 1, 22, 0, 0, 4, 313, 1, 0, 7, 0, 0, 0, 7, 0, 0, 0, 4, 242, 0, 0, 1, 4, 0, 0, 7, 0, 0, 0, 4, 75, 0, 0, 4, 119, 3, 0, 7, 0, 0, 0]"
192,"[5, 0, 0, 0, 4, 380, 3, 0, 7, 0, 0, 0, 7, 0, 0, 0, 7, 0, 0, 0, 7, 0, 0, 0, 7, 0, 0, 0, 7, 0, 0, 0, 4, 450, 0, 0, 7, 0, 0, 0, 7, 0, 0, 0, 7, 0, 0, 0]"
193,"[2, 1, 0, 0, 0, 17, 1, 1, 6, 17, 0, 1, 6, 27, 0, 1, 8, 3, 2, 0, 2, 0, 0, 0, 6, 10, 0, 0, 3, 0, 0, 0, 4, 494, 0, 0, 7, 0, 0, 0, 7, 0, 0, 0, 7, 0, 0, 0]"
194,"[1, 4, 0, 0, 4, 278, 3, 0, 4, 238, 3, 0, 7, 0, 0, 0, 1, 4, 0, 0, 7, 0, 0, 0, 7, 0, 0, 0, 7, 0, 0, 0, 7, 0, 0, 0, 7, 0, 0, 0, 4, 149, 3, 0, 7, 0, 0, 0]"
195,"[0, 17, 0, 0, 7, 0, 0, 0, 7, 0, 0, 0, 0, 29, 1, 1, 8, 2, 1, 0, 8, 2, 1, 0, 7, 0, 0, 0, 6, 16, 1, 3, 3, 0, 0, 0, 3, 0, 0, 0, 2, 1, 0, 0, 3, 0, 0, 0]"
196,"[3, 0, 0, 0, 2, 1, 0, 0, 0, 29, 1, 3, 7, 0, 0, 0, 5, 0, 0, 0, 4, 35, 3, 0, 7, 0, 0, 0, 7, 0, 0, 0, 7, 0, 0, 0, 7, 0, 0, 0, 7, 0, 0, 0, 7, 0, 0, 0]"
197,"[8, 0, 1, 0, 8, 1, 1, 0, 2, 1, 0, 0, 8, 3, 1, 0, 3, 0, 0, 0, 3, 0, 0, 0, 4, 6, 0, 0, 7, 0, 0, 0, 7, 0, 0, 0, 7, 0, 0, 0, 7, 0, 0, 0, 7, 0, 0, 0]"
198,"[1, 4, 0, 0, 3, 0, 0, 0, 3, 0, 0, 0, 7, 0, 0, 0, 0, 6, 1, 1, 7, 0, 0, 0, 1, 4, 0, 0, 2, 1, 0, 0, 3, 0, 0, 0, 0, 24, 1, 0, 4, 281, 1, 0, 7, 0, 0, 0]"
199,"[3, 0, 0, 0, 3, 0, 0, 0, 7, 0, 0, 0, 8, 2, 2, 0, 7, 0, 0, 0, 3, 0, 0, 0, 7, 0, 0, 0, 0, 26, 0, 0, 5, 0, 0, 0, 7, 0, 0, 0, 3, 0, 0, 0, 7, 0, 0, 0]"
200,"[2, 1, 0, 0, 0, 16, 1, 1, 6, 11, 1, 3, 3, 0, 0, 0, 4, 171, 0, 0, 7, 0, 0, 0, 1, 4, 0, 0, 7, 0, 0, 0, 7, 0, 0, 0, 7, 0, 0, 0, 7, 0, 0, 0, 1, 4, 0, 0]"
